blockgroup_id,total_arrests,discretionary_arrests,unique_individuals,estimated_pop,discretionary_per_1000,total_per_1000,cumulative_pop,cumulative_pop_pct,kmeans_cluster,policing_category
450910619001,20,20,1,50,400.0,400.0,50,0.0019500780031201249,2,Ultra-Policed
450179504001,19,19,1,50,380.0,380.0,100,0.0039001560062402497,2,Ultra-Policed
450130102002,30,26,2,100,260.0,300.0,200,0.0078003120124804995,2,Ultra-Policed
450350108084,442,398,32,1600,248.75,276.25,1800,0.07020280811232449,2,Ultra-Policed
450830235001,14,11,1,50,220.0,280.0,1850,0.07215288611544461,2,Ultra-Policed
450070102001,9,9,1,50,180.0,180.0,1900,0.07410296411856475,2,Ultra-Policed
450379705022,11,9,1,50,180.0,220.0,1950,0.07605304212168487,2,Ultra-Policed
450450032022,10,9,1,50,180.0,200.0,2000,0.078003120124805,2,Ultra-Policed
450510301022,9,9,1,50,180.0,180.0,2050,0.07995319812792512,2,Ultra-Policed
450119701001,11,8,1,50,160.0,220.0,2100,0.08190327613104524,2,Ultra-Policed
450790029003,11,8,1,50,160.0,220.0,2150,0.08385335413416538,2,Ultra-Policed
450850016004,7,7,1,50,140.0,140.0,2200,0.08580343213728549,1,Ultra-Policed
450790031001,7,6,1,50,120.0,140.0,2250,0.08775351014040562,1,Ultra-Policed
450850002012,6,6,1,50,120.0,120.0,2300,0.08970358814352573,1,Ultra-Policed
450510514051,8,6,1,50,120.0,160.0,2350,0.09165366614664587,1,Ultra-Policed
450910610061,11,6,1,50,120.0,220.0,2400,0.093603744149766,1,Ultra-Policed
450439208002,70,22,4,200,110.0,350.0,2600,0.10140405616224649,1,Ultra-Policed
450750109001,6,5,1,50,100.0,120.0,2650,0.10335413416536661,1,Ultra-Policed
450679506005,20,10,2,100,100.0,200.0,2750,0.10725429017160687,1,Ultra-Policed
450510401052,7,5,1,50,100.0,140.0,2800,0.10920436817472699,1,Ultra-Policed
450410009001,5,5,1,50,100.0,100.0,2850,0.1111544461778471,1,Ultra-Policed
450399603004,8,5,1,50,100.0,160.0,2900,0.11310452418096724,1,Ultra-Policed
450310108002,6,5,1,50,100.0,120.0,2950,0.11505460218408736,1,Ultra-Policed
450479704003,5,5,1,50,100.0,100.0,3000,0.1170046801872075,1,Ultra-Policed
450190019012,103,88,18,900,97.77777777777779,114.44444444444444,3900,0.15210608424336974,1,Ultra-Policed
450190030002,36,27,6,300,90.0,120.0,4200,0.16380655226209048,1,Ultra-Policed
450510706011,9,9,2,100,90.0,90.0,4300,0.16770670826833076,1,Ultra-Policed
450299704022,46,35,8,400,87.5,115.0,4700,0.18330733229329174,1,Ultra-Policed
450299705004,47,33,8,400,82.5,117.5,5100,0.19890795631825275,1,Ultra-Policed
450559704013,6,4,1,50,80.0,120.0,5150,0.20085803432137286,1,Ultra-Policed
450030213002,4,4,1,50,80.0,80.0,5200,0.20280811232449297,1,Ultra-Policed
450450042001,8,4,1,50,80.0,160.0,5250,0.2047581903276131,1,Ultra-Policed
450750103004,22,12,3,150,80.0,146.66666666666666,5400,0.21060842433697347,1,Ultra-Policed
450830223041,4,4,1,50,80.0,80.0,5450,0.21255850234009357,1,Ultra-Policed
450150207221,204,132,33,1650,80.0,123.63636363636364,7100,0.27691107644305774,1,Ultra-Policed
450630208041,8,4,1,50,80.0,160.0,7150,0.2788611544461779,1,Ultra-Policed
450179504004,4,4,1,50,80.0,80.0,7200,0.28081123244929795,1,Ultra-Policed
450479703022,4,4,1,50,80.0,80.0,7250,0.2827613104524181,1,Ultra-Policed
450279605004,7,4,1,50,80.0,140.0,7300,0.28471138845553823,1,Ultra-Policed
450450032013,5,4,1,50,80.0,100.0,7350,0.28666146645865836,1,Ultra-Policed
450150207173,331,215,57,2850,75.43859649122807,116.14035087719299,10200,0.3978159126365055,1,Ultra-Policed
450190028012,275,199,55,2750,72.36363636363636,100.0,12950,0.5050702028081123,1,Ultra-Policed
450150208112,125,85,24,1200,70.83333333333333,104.16666666666667,14150,0.5518720748829953,1,Ultra-Policed
450350108141,466,312,89,4450,70.1123595505618,104.71910112359551,18600,0.7254290171606864,1,Ultra-Policed
450150207122,1069,666,190,9500,70.10526315789474,112.52631578947368,28100,1.09594383775351,1,Ultra-Policed
450450016002,8,7,2,100,70.0,80.0,28200,1.0998439937597504,1,Ultra-Policed
450479709001,12,7,2,100,70.0,120.0,28300,1.1037441497659906,1,Ultra-Policed
450790101021,8,7,2,100,70.0,80.0,28400,1.107644305772231,1,Ultra-Policed
450350108132,536,352,107,5350,65.79439252336448,100.18691588785046,33750,1.316302652106084,1,Ultra-Policed
450299704023,14,13,4,200,65.0,70.0,33950,1.3241029641185649,1,Ultra-Policed
450190046112,205,135,44,2200,61.36363636363636,93.18181818181819,36150,1.4099063962558502,1,Ultra-Policed
450150207192,299,150,49,2450,61.224489795918366,122.04081632653062,38600,1.5054602184087365,1,Ultra-Policed
450150207211,494,296,97,4850,61.03092783505155,101.85567010309278,43450,1.6946177847113886,1,Ultra-Policed
450130009031,3,3,1,50,60.0,60.0,43500,1.6965678627145087,1,Ultra-Policed
450130008004,3,3,1,50,60.0,60.0,43550,1.698517940717629,1,Ultra-Policed
450719505024,5,3,1,50,60.0,100.0,43600,1.7004680187207486,1,Ultra-Policed
450730304014,3,3,1,50,60.0,60.0,43650,1.702418096723869,1,Ultra-Policed
450730304021,3,3,1,50,60.0,60.0,43700,1.704368174726989,1,Ultra-Policed
450790103043,7,6,2,100,60.0,70.0,43800,1.7082683307332294,1,Ultra-Policed
450790103082,4,3,1,50,60.0,80.0,43850,1.7102184087363494,1,Ultra-Policed
450630205061,5,3,1,50,60.0,100.0,43900,1.7121684867394695,1,Ultra-Policed
450830238021,3,3,1,50,60.0,60.0,43950,1.7141185647425898,1,Ultra-Policed
450790007002,3,3,1,50,60.0,60.0,44000,1.71606864274571,1,Ultra-Policed
450830228014,3,3,1,50,60.0,60.0,44050,1.71801872074883,1,Ultra-Policed
450790104102,3,3,1,50,60.0,60.0,44100,1.71996879875195,1,Ultra-Policed
450910618021,4,3,1,50,60.0,80.0,44150,1.7219188767550704,1,Ultra-Policed
450750110003,7,6,2,100,60.0,70.0,44250,1.7258190327613103,1,Ultra-Policed
450770108042,5,3,1,50,60.0,100.0,44300,1.7277691107644304,1,Ultra-Policed
450790117012,7,6,2,100,60.0,70.0,44400,1.7316692667706708,1,Ultra-Policed
450510705001,4,3,1,50,60.0,80.0,44450,1.7336193447737909,1,Ultra-Policed
450190040001,759,400,135,6750,59.25925925925926,112.44444444444444,51200,1.9968798751950079,1,Ultra-Policed
450150206004,197,114,40,2000,57.0,98.5,53200,2.074882995319813,1,Ultra-Policed
450299704021,27,17,6,300,56.666666666666664,90.0,53500,2.086583463338534,1,Ultra-Policed
450150202011,946,488,178,8900,54.831460674157306,106.29213483146067,62400,2.433697347893916,1,Ultra-Policed
450190033004,1202,579,214,10700,54.112149532710276,112.33644859813084,73100,2.8510140405616227,1,Ultra-Policed
450150207072,594,320,120,6000,53.333333333333336,99.0,79100,3.0850234009360373,1,Ultra-Policed
450190047012,127,62,24,1200,51.666666666666664,105.83333333333333,80300,3.1318252730109206,1,Ultra-Policed
450750101002,63,36,14,700,51.42857142857143,90.0,81000,3.159126365054602,1,Ultra-Policed
450350108072,60,46,18,900,51.111111111111114,66.66666666666667,81900,3.194227769110764,1,Ultra-Policed
450150205042,423,217,85,4250,51.05882352941177,99.52941176470588,86150,3.3599843993759753,1,Ultra-Policed
450190037001,985,527,208,10400,50.67307692307693,94.71153846153845,96550,3.765600624024961,1,Ultra-Policed
450630214031,6,5,2,100,50.0,60.0,96650,3.7695007800312013,1,Ultra-Policed
450899708012,8,5,2,100,50.0,80.0,96750,3.773400936037442,1,Ultra-Policed
450750109006,6,5,2,100,50.0,60.0,96850,3.777301092043682,1,Ultra-Policed
450790104072,8,5,2,100,50.0,80.0,96950,3.781201248049922,1,Ultra-Policed
450850011002,6,5,2,100,50.0,60.0,97050,3.785101404056163,1,Ultra-Policed
450499202003,10,5,2,100,50.0,100.0,97150,3.789001560062402,1,Ultra-Policed
450630205051,5,5,2,100,50.0,50.0,97250,3.7929017160686427,1,Ultra-Policed
450130005033,8,5,2,100,50.0,80.0,97350,3.796801872074883,1,Ultra-Policed
450850017043,13,5,2,100,50.0,130.0,97450,3.800702028081123,1,Ultra-Policed
450439201001,5,5,2,100,50.0,50.0,97550,3.804602184087363,1,Ultra-Policed
450410014003,7,5,2,100,50.0,70.0,97650,3.8085023400936038,1,Ultra-Policed
450190046123,57,45,18,900,50.0,63.333333333333336,98550,3.8436037441497657,1,Ultra-Policed
450350105032,162,97,39,1950,49.743589743589745,83.07692307692308,100500,3.9196567862714504,1,Ultra-Policed
450150208092,342,134,55,2750,48.727272727272734,124.36363636363636,103250,4.026911076443058,1,Ultra-Policed
450150207073,466,259,107,5350,48.41121495327103,87.10280373831776,108600,4.235569422776911,1,Ultra-Policed
450150207222,117,66,28,1400,47.142857142857146,83.57142857142857,110000,4.290171606864274,1,Ultra-Policed
450190031063,1658,780,333,16650,46.846846846846844,99.57957957957959,126650,4.939547581903276,1,Ultra-Policed
450190016002,286,120,52,2600,46.15384615384615,110.0,129250,5.040951638065523,1,Ultra-Policed
450190038001,1329,654,290,14500,45.103448275862064,91.65517241379311,143750,5.6064742589703584,1,Ultra-Policed
450190021051,25,18,8,400,45.0,62.5,144150,5.62207488299532,1,Ultra-Policed
450850019022,18,9,4,200,45.0,90.0,144350,5.6298751950078,1,Ultra-Policed
450350105012,194,109,49,2450,44.48979591836735,79.18367346938776,146800,5.725429017160686,1,Ultra-Policed
450190026041,186,117,53,2650,44.15094339622642,70.18867924528303,149450,5.828783151326053,1,Ultra-Policed
450190046122,21,11,5,250,44.0,84.0,149700,5.838533541341653,1,Ultra-Policed
450350102004,24,11,5,250,44.0,96.0,149950,5.848283931357255,1,Ultra-Policed
450150207161,504,280,129,6450,43.41085271317829,78.13953488372093,156400,6.09984399375975,1,Ultra-Policed
450190031072,259,119,55,2750,43.27272727272727,94.18181818181819,159150,6.207098283931358,1,Ultra-Policed
450150209042,164,101,47,2350,42.97872340425532,69.78723404255318,161500,6.298751950078003,1,Ultra-Policed
450350103003,71,32,15,750,42.666666666666664,94.66666666666666,162250,6.328003120124805,1,Ultra-Policed
450299704013,32,17,8,400,42.5,80.0,162650,6.343603744149766,1,Ultra-Policed
450350101002,27,19,9,450,42.22222222222222,60.0,163100,6.361154446177847,1,Ultra-Policed
450350104001,163,80,38,1900,42.10526315789473,85.78947368421052,165000,6.435257410296412,1,Ultra-Policed
450350108081,109,65,31,1550,41.935483870967744,70.3225806451613,166550,6.495709828393135,1,Ultra-Policed
450350103004,51,29,14,700,41.42857142857142,72.85714285714286,167250,6.523010920436817,1,Ultra-Policed
450150206005,337,184,90,4500,40.88888888888889,74.8888888888889,171750,6.698517940717628,1,Ultra-Policed
450150207101,335,148,73,3650,40.54794520547946,91.78082191780821,175400,6.840873634945398,1,Highly Policed
450190031112,410,224,111,5550,40.36036036036036,73.87387387387386,180950,7.057332293291732,1,Highly Policed
450790104112,4,4,2,100,40.0,40.0,181050,7.061232449297972,1,Highly Policed
450510515012,2,2,1,50,40.0,40.0,181100,7.063182527301091,1,Highly Policed
450030221002,4,2,1,50,40.0,80.0,181150,7.065132605304212,1,Highly Policed
450750104001,3,2,1,50,40.0,60.0,181200,7.067082683307333,1,Highly Policed
450439203021,12,8,4,200,40.0,60.0,181400,7.074882995319813,1,Highly Policed
450279605001,5,4,2,100,40.0,50.0,181500,7.078783151326053,1,Highly Policed
450219705025,2,2,1,50,40.0,40.0,181550,7.080733229329173,1,Highly Policed
450830223024,4,2,1,50,40.0,80.0,181600,7.082683307332294,1,Highly Policed
450750116004,2,2,1,50,40.0,40.0,181650,7.0846333853354135,1,Highly Policed
450750117002,4,2,1,50,40.0,80.0,181700,7.086583463338533,1,Highly Policed
450350103001,27,12,6,300,40.0,90.0,182000,7.098283931357255,1,Highly Policed
450790107033,4,2,1,50,40.0,80.0,182050,7.100234009360375,1,Highly Policed
450790026031,5,2,1,50,40.0,100.0,182100,7.1021840873634945,1,Highly Policed
450439205032,5,4,2,100,40.0,50.0,182200,7.106084243369734,1,Highly Policed
450790107021,2,2,1,50,40.0,40.0,182250,7.108034321372855,1,Highly Policed
450750117004,7,6,3,150,40.0,46.66666666666667,182400,7.1138845553822145,1,Highly Policed
450510513021,3,2,1,50,40.0,60.0,182450,7.115834633385336,1,Highly Policed
450750119002,4,2,1,50,40.0,80.0,182500,7.117784711388456,1,Highly Policed
450790106002,2,2,1,50,40.0,40.0,182550,7.1197347893915754,1,Highly Policed
450510401022,7,6,3,150,40.0,46.66666666666667,182700,7.125585023400936,1,Highly Policed
450510405003,2,2,1,50,40.0,40.0,182750,7.127535101404056,1,Highly Policed
450790004002,4,2,1,50,40.0,80.0,182800,7.129485179407176,1,Highly Policed
450450007001,2,2,1,50,40.0,40.0,182850,7.131435257410297,1,Highly Policed
450790007001,4,4,2,100,40.0,40.0,182950,7.135335413416537,1,Highly Policed
450830214031,2,2,1,50,40.0,40.0,183000,7.137285491419656,1,Highly Policed
450790011001,5,2,1,50,40.0,100.0,183050,7.139235569422777,1,Highly Policed
450770112041,2,2,1,50,40.0,40.0,183100,7.141185647425898,1,Highly Policed
450450028053,3,2,1,50,40.0,60.0,183150,7.143135725429017,1,Highly Policed
450450039041,2,2,1,50,40.0,40.0,183200,7.145085803432137,1,Highly Policed
450510516042,2,2,1,50,40.0,40.0,183250,7.147035881435257,1,Highly Policed
450539502011,6,2,1,50,40.0,120.0,183300,7.148985959438378,1,Highly Policed
450310107002,3,2,1,50,40.0,60.0,183350,7.150936037441498,1,Highly Policed
450559708003,6,2,1,50,40.0,120.0,183400,7.152886115444618,1,Highly Policed
450030202001,4,2,1,50,40.0,80.0,183450,7.154836193447737,1,Highly Policed
450259501022,9,2,1,50,40.0,180.0,183500,7.1567862714508585,1,Highly Policed
450899709002,5,4,2,100,40.0,50.0,183600,7.160686427457098,1,Highly Policed
450570103003,3,2,1,50,40.0,60.0,183650,7.162636505460219,1,Highly Policed
450450033014,2,2,1,50,40.0,40.0,183700,7.164586583463338,1,Highly Policed
450510602091,5,4,2,100,40.0,50.0,183800,7.168486739469579,1,Highly Policed
450510601021,2,2,1,50,40.0,40.0,183850,7.170436817472699,1,Highly Policed
450619204001,4,2,1,50,40.0,80.0,183900,7.172386895475818,1,Highly Policed
450599205026,2,2,1,50,40.0,40.0,183950,7.1743369734789395,1,Highly Policed
450630203002,2,2,1,50,40.0,40.0,184000,7.17628705148206,1,Highly Policed
450130011023,2,2,1,50,40.0,40.0,184050,7.178237129485179,1,Highly Policed
450719502025,6,2,1,50,40.0,120.0,184100,7.1801872074882995,1,Highly Policed
450850007001,5,4,2,100,40.0,50.0,184200,7.18408736349454,1,Highly Policed
450630214042,4,2,1,50,40.0,80.0,184250,7.1860374414976596,1,Highly Policed
450630206042,2,2,1,50,40.0,40.0,184300,7.18798751950078,1,Highly Policed
450630210241,2,2,1,50,40.0,40.0,184350,7.189937597503899,1,Highly Policed
450850009011,4,2,1,50,40.0,80.0,184400,7.1918876755070205,1,Highly Policed
450479708002,3,2,1,50,40.0,60.0,184450,7.193837753510141,1,Highly Policed
450150203011,477,163,84,4200,38.80952380952381,113.57142857142857,188650,7.35764430577223,1,Highly Policed
450150204051,782,354,184,9200,38.47826086956522,85.0,197850,7.716458658346334,1,Highly Policed
450150204012,508,227,118,5900,38.474576271186436,86.10169491525424,203750,7.946567862714509,1,Highly Policed
450350105052,83,44,23,1150,38.26086956521739,72.17391304347825,204900,7.991419656786271,1,Highly Policed
450350106031,385,193,101,5050,38.21782178217822,76.23762376237623,209950,8.188377535101404,1,Highly Policed
450190025023,277,152,80,4000,38.0,69.25,213950,8.344383775351014,1,Highly Policed
450150207121,507,245,130,6500,37.69230769230769,78.0,220450,8.59789391575663,1,Highly Policed
450190031052,901,376,200,10000,37.6,90.1,230450,8.987909516380656,1,Highly Policed
450190046091,155,84,45,2250,37.333333333333336,68.88888888888889,232700,9.075663026521061,1,Highly Policed
450150207102,461,223,120,6000,37.166666666666664,76.83333333333334,238700,9.309672386895476,1,Highly Policed
450190002001,51,37,20,1000,37.0,51.0,239700,9.348673946957877,1,Highly Policed
450190047015,59,35,19,950,36.84210526315789,62.10526315789474,240650,9.38572542901716,1,Highly Policed
450190007001,165,99,54,2700,36.666666666666664,61.11111111111111,243350,9.491029641185648,1,Highly Policed
450150203012,399,161,88,4400,36.59090909090909,90.68181818181819,247750,9.662636505460219,1,Highly Policed
450190026062,59,29,16,800,36.25,73.75,248550,9.69383775351014,1,Highly Policed
450190026053,441,161,89,4450,36.17977528089888,99.10112359550561,253000,9.867394695787832,1,Highly Policed
450350105043,223,101,56,2800,36.07142857142858,79.64285714285714,255800,9.976599063962558,1,Highly Policed
450190020042,58,36,20,1000,36.0,58.0,256800,10.01560062402496,1,Highly Policed
450150207182,598,262,146,7300,35.890410958904106,81.91780821917808,264100,10.300312012480498,1,Highly Policed
450299704012,9,7,4,200,35.0,45.0,264300,10.30811232449298,1,Highly Policed
450279608022,10,7,4,200,35.0,50.0,264500,10.31591263650546,1,Highly Policed
450750101004,96,54,31,1550,34.83870967741935,61.935483870967744,266050,10.376365054602184,1,Highly Policed
450299708001,33,19,11,550,34.54545454545455,60.0,266600,10.397815912636506,0,Highly Policed
450150205032,686,267,155,7750,34.45161290322581,88.51612903225806,274350,10.700078003120126,0,Highly Policed
450350106062,51,24,14,700,34.285714285714285,72.85714285714286,275050,10.727379095163807,0,Highly Policed
450150205041,571,239,140,7000,34.14285714285714,81.57142857142857,282050,11.000390015600624,0,Highly Policed
450299707001,83,39,23,1150,33.913043478260875,72.17391304347825,283200,11.045241809672387,0,Highly Policed
450190027023,417,166,98,4900,33.87755102040816,85.10204081632652,288100,11.236349453978159,0,Highly Policed
450190019011,220,105,62,3100,33.87096774193549,70.96774193548387,291200,11.357254290171607,0,Highly Policed
450150205051,634,274,162,8100,33.827160493827165,78.27160493827161,299300,11.673166926677068,0,Highly Policed
450190028021,89,52,31,1550,33.54838709677419,57.41935483870968,300850,11.73361934477379,0,Highly Policed
450350106052,206,109,65,3250,33.53846153846154,63.38461538461539,304100,11.860374414976599,0,Highly Policed
450750103002,20,5,3,150,33.333333333333336,133.33333333333334,304250,11.866224648985959,0,Highly Policed
450899707003,9,5,3,150,33.333333333333336,60.0,304400,11.87207488299532,0,Highly Policed
450190026122,17,10,6,300,33.333333333333336,56.666666666666664,304700,11.883775351014041,0,Highly Policed
450130006002,10,5,3,150,33.333333333333336,66.66666666666667,304850,11.889625585023401,0,Highly Policed
450279607021,8,5,3,150,33.333333333333336,53.333333333333336,305000,11.895475819032761,0,Highly Policed
450299704011,27,15,9,450,33.333333333333336,60.0,305450,11.913026521060841,0,Highly Policed
450150207162,579,274,165,8250,33.21212121212121,70.18181818181817,313700,12.234789391575664,0,Highly Policed
450299707002,112,63,38,1900,33.15789473684211,58.94736842105263,315600,12.308892355694228,0,Highly Policed
450190001002,28,13,8,400,32.5,70.0,316000,12.324492979719189,0,Highly Policed
450150203024,459,223,138,6900,32.31884057971014,66.52173913043478,322900,12.593603744149767,0,Highly Policed
450190047013,33,21,13,650,32.30769230769231,50.76923076923077,323550,12.618954758190329,0,Highly Policed
450350106042,44,29,18,900,32.22222222222222,48.88888888888889,324450,12.65405616224649,0,Highly Policed
450150202012,604,248,154,7700,32.2077922077922,78.44155844155844,332150,12.954368174726987,0,Highly Policed
450350108131,287,135,84,4200,32.14285714285714,68.33333333333333,336350,13.118174726989078,0,Highly Policed
450439202011,11,8,5,250,32.0,44.0,336600,13.12792511700468,0,Highly Policed
450190021013,226,103,65,3250,31.692307692307693,69.53846153846153,339850,13.254680187207487,0,Highly Policed
450150207171,564,265,168,8400,31.547619047619047,67.14285714285714,348250,13.58229329173167,0,Highly Policed
450190038003,661,233,148,7400,31.486486486486484,89.32432432432432,355650,13.870904836193448,0,Highly Policed
450190026061,28,11,7,350,31.42857142857143,80.0,356000,13.884555382215288,0,Highly Policed
450190058002,463,198,126,6300,31.42857142857143,73.4920634920635,362300,14.130265210608425,0,Highly Policed
450150204031,198,97,62,3100,31.29032258064516,63.87096774193549,365400,14.251170046801873,0,Highly Policed
450150207071,494,193,124,6200,31.129032258064516,79.67741935483872,371600,14.492979719188767,0,Highly Policed
450150206002,122,59,38,1900,31.05263157894737,64.21052631578947,373500,14.567082683307333,0,Highly Policed
450190056002,555,259,167,8350,31.017964071856287,66.46706586826346,381850,14.892745709828393,0,Highly Policed
450299707003,62,31,20,1000,31.0,62.0,382850,14.931747269890797,0,Highly Policed
450299701001,33,20,13,650,30.76923076923077,50.76923076923077,383500,14.957098283931359,0,Highly Policed
450190020041,68,49,32,1600,30.625,42.5,385100,15.0195007800312,0,Highly Policed
450190055002,668,267,175,8750,30.514285714285716,76.34285714285714,393850,15.360764430577223,0,Highly Policed
450190026121,440,172,114,5700,30.175438596491226,77.19298245614036,399550,15.583073322932917,0,Highly Policed
450750103003,16,3,2,100,30.0,160.0,399650,15.586973478939155,0,Highly Policed
450630209081,4,3,2,100,30.0,40.0,399750,15.590873634945398,0,Highly Policed
450630210091,10,3,2,100,30.0,100.0,399850,15.594773790951638,0,Highly Policed
450630213041,6,3,2,100,30.0,60.0,399950,15.598673946957877,0,Highly Policed
450130001001,4,3,2,100,30.0,40.0,400050,15.602574102964118,0,Highly Policed
450790114043,8,3,2,100,30.0,80.0,400150,15.60647425897036,0,Highly Policed
450630201001,13,6,4,200,30.0,65.0,400350,15.61427457098284,0,Highly Policed
450350108161,123,45,30,1500,30.0,82.0,401850,15.672776911076443,0,Highly Policed
450750108002,9,3,2,100,30.0,90.0,401950,15.676677067082684,0,Highly Policed
450850008003,3,3,2,100,30.0,30.0,402050,15.680577223088923,0,Highly Policed
450899706004,5,3,2,100,30.0,50.0,402150,15.684477379095163,0,Highly Policed
450130001003,6,3,2,100,30.0,60.0,402250,15.688377535101406,0,Highly Policed
450450020012,6,3,2,100,30.0,60.0,402350,15.692277691107645,0,Highly Policed
450150207252,14,9,6,300,30.0,46.66666666666667,402650,15.703978159126365,0,Highly Policed
450510507001,5,3,2,100,30.0,50.0,402750,15.707878315132607,0,Highly Policed
450439206003,3,3,2,100,30.0,30.0,402850,15.711778471138846,0,Highly Policed
450439204002,3,3,2,100,30.0,30.0,402950,15.715678627145085,0,Highly Policed
450279607012,3,3,2,100,30.0,30.0,403050,15.719578783151325,0,Highly Policed
450190029001,279,106,71,3550,29.859154929577468,78.59154929577466,406600,15.858034321372855,0,Highly Policed
450150207231,431,172,116,5800,29.655172413793103,74.3103448275862,412400,16.08424336973479,0,Highly Policed
450190031091,103,37,25,1250,29.6,82.4,413650,16.132995319812792,0,Highly Policed
450190043001,382,166,113,5650,29.38053097345133,67.61061946902655,419300,16.353354134165365,0,Highly Policed
450190046111,226,79,54,2700,29.25925925925926,83.7037037037037,422000,16.458658346333856,0,Highly Policed
450190029003,145,54,37,1850,29.18918918918919,78.37837837837839,423850,16.530811232449295,0,Highly Policed
450190015001,229,105,72,3600,29.166666666666668,63.61111111111111,427450,16.671216848673946,0,Highly Policed
450150208061,691,262,180,9000,29.11111111111111,76.77777777777777,436450,17.02223088923557,0,Highly Policed
450150207152,319,132,91,4550,29.01098901098901,70.1098901098901,441000,17.199687987519503,0,Highly Policed
450190020072,59,29,20,1000,29.0,59.0,442000,17.238689547581902,0,Highly Policed
450190034003,566,207,143,7150,28.95104895104895,79.16083916083916,449150,17.517550702028082,0,Highly Policed
450190050001,249,98,68,3400,28.823529411764707,73.23529411764707,452550,17.650156006240252,0,Highly Policed
450190033002,597,252,175,8750,28.8,68.22857142857143,461300,17.991419656786274,0,Highly Policed
450190027024,608,223,155,7750,28.774193548387096,78.45161290322581,469050,18.29368174726989,0,Highly Policed
450350108091,85,40,28,1400,28.57142857142857,60.714285714285715,470450,18.348283931357255,0,Highly Policed
450299708002,15,10,7,350,28.57142857142857,42.857142857142854,470800,18.361934477379094,0,Highly Policed
450150207151,453,203,143,7150,28.39160839160839,63.35664335664336,477950,18.640795631825274,0,Highly Policed
450190046114,145,68,48,2400,28.333333333333332,60.416666666666664,480350,18.734399375975038,0,Highly Policed
450350103002,51,17,12,600,28.333333333333332,85.0,480950,18.757800312012478,0,Highly Policed
450150204011,410,154,109,5450,28.256880733944953,75.22935779816514,486400,18.970358814352576,0,Highly Policed
450350108203,136,55,39,1950,28.205128205128204,69.74358974358974,488350,19.04641185647426,0,Highly Policed
450190010001,268,138,98,4900,28.16326530612245,54.69387755102041,493250,19.23751950078003,0,Highly Policed
450150201022,371,109,78,3900,27.94871794871795,95.12820512820514,497150,19.389625585023403,0,Highly Policed
450190031041,798,327,236,11800,27.71186440677966,67.62711864406779,508950,19.849843993759748,0,Highly Policed
450150209012,258,126,91,4550,27.692307692307693,56.70329670329671,513500,20.027301092043682,0,Highly Policed
450190034002,595,242,175,8750,27.657142857142855,68.0,522250,20.368564742589705,0,Highly Policed
450150205033,242,106,77,3850,27.532467532467532,62.85714285714286,526100,20.518720748829953,0,Highly Policed
450190020062,485,161,117,5850,27.52136752136752,82.90598290598291,531950,20.746879875195006,0,Highly Policed
450190049023,16,11,8,400,27.5,40.0,532350,20.76248049921997,0,Highly Policed
450150207143,374,115,84,4200,27.38095238095238,89.04761904761904,536550,20.92628705148206,0,Highly Policed
450190020021,214,120,88,4400,27.27272727272727,48.63636363636364,540950,21.09789391575663,0,Highly Policed
450190033001,334,120,88,4400,27.27272727272727,75.9090909090909,545350,21.2695007800312,0,Highly Policed
450350102003,36,15,11,550,27.27272727272727,65.45454545454545,545900,21.290951638065522,0,Highly Policed
450150208093,634,218,160,8000,27.25,79.25,553900,21.602964118564742,0,Highly Policed
450190026111,219,113,83,4150,27.228915662650603,52.77108433734939,558050,21.764820592823714,0,Highly Policed
450350106051,246,87,64,3200,27.1875,76.875,561250,21.8896255850234,0,Highly Policed
450150208091,151,58,43,2150,26.976744186046513,70.23255813953489,563400,21.973478939157566,0,Highly Policed
450350108082,165,58,43,2150,26.976744186046513,76.74418604651163,565550,22.057332293291733,0,Highly Policed
450150207163,335,136,101,5050,26.93069306930693,66.33663366336634,570600,22.254290171606865,0,Normally Policed
450350106041,186,76,57,2850,26.666666666666668,65.26315789473684,573450,22.36544461778471,0,Normally Policed
450299706002,43,12,9,450,26.666666666666668,95.55555555555556,573900,22.382995319812792,0,Normally Policed
450190057001,47,24,18,900,26.666666666666668,52.22222222222223,574800,22.418096723868956,0,Normally Policed
450510704001,4,4,3,150,26.666666666666668,26.666666666666668,574950,22.423946957878314,0,Normally Policed
450190031092,628,209,158,7900,26.455696202531644,79.49367088607595,582850,22.732059282371296,0,Normally Policed
450190043004,658,248,188,9400,26.382978723404253,70.0,592250,23.098673946957877,0,Normally Policed
450190046102,294,94,72,3600,26.111111111111114,81.66666666666667,595850,23.23907956318253,0,Normally Policed
450190025024,207,92,71,3550,25.915492957746476,58.309859154929576,599400,23.377535101404057,0,Normally Policed
450150205063,598,217,168,8400,25.833333333333332,71.19047619047619,607800,23.705148205928236,0,Normally Policed
450350108162,359,125,97,4850,25.773195876288657,74.02061855670102,612650,23.89430577223089,0,Normally Policed
450150208121,252,103,80,4000,25.75,63.0,616650,24.0503120124805,0,Normally Policed
450299703002,13,9,7,350,25.714285714285715,37.142857142857146,617000,24.063962558502343,0,Normally Policed
450350108152,225,99,77,3850,25.714285714285715,58.44155844155844,620850,24.21411856474259,0,Normally Policed
450190035002,101,50,39,1950,25.64102564102564,51.794871794871796,622800,24.290171606864273,0,Normally Policed
450150208081,931,323,253,12650,25.533596837944664,73.59683794466403,635450,24.783541341653667,0,Normally Policed
450190027011,372,139,109,5450,25.504587155963304,68.25688073394495,640900,24.99609984399376,0,Normally Policed
450190026051,291,126,99,4950,25.454545454545457,58.78787878787878,645850,25.18915756630265,0,Normally Policed
450190043003,755,293,231,11550,25.36796536796537,65.36796536796537,657400,25.639625585023403,0,Normally Policed
450150207183,326,142,112,5600,25.357142857142854,58.21428571428571,663000,25.858034321372852,0,Normally Policed
450190021032,294,91,72,3600,25.27777777777778,81.66666666666667,666600,25.998439937597507,0,Normally Policed
450350105042,172,72,57,2850,25.263157894736842,60.35087719298245,669450,26.109594383775352,0,Normally Policed
450150207111,464,192,152,7600,25.263157894736842,61.05263157894736,677050,26.406006240249607,0,Normally Policed
450350108181,249,92,73,3650,25.205479452054796,68.21917808219179,680700,26.548361934477377,0,Normally Policed
450190053002,632,315,250,12500,25.2,50.56,693200,27.03588143525741,0,Normally Policed
450190021031,515,166,132,6600,25.15151515151515,78.03030303030303,699800,27.293291731669267,0,Normally Policed
450150207131,455,211,168,8400,25.11904761904762,54.16666666666667,708200,27.62090483619345,0,Normally Policed
450150209032,294,84,67,3350,25.07462686567164,87.76119402985074,711550,27.751560062402497,0,Normally Policed
450299706001,83,35,28,1400,25.0,59.28571428571429,712950,27.80616224648986,0,Normally Policed
450190056003,210,91,73,3650,24.93150684931507,57.534246575342465,716600,27.948517940717625,0,Normally Policed
450190046071,118,51,41,2050,24.878048780487806,57.5609756097561,718650,28.028471138845557,0,Normally Policed
450190031042,879,366,295,14750,24.8135593220339,59.59322033898305,733400,28.60374414976599,0,Normally Policed
450190031111,675,251,204,10200,24.607843137254903,66.17647058823529,743600,29.001560062402497,0,Normally Policed
450350105051,260,107,87,4350,24.597701149425287,59.770114942528735,747950,29.171216848673946,0,Normally Policed
450150210003,477,182,148,7400,24.594594594594593,64.45945945945945,755350,29.459828393135723,0,Normally Policed
450350107001,228,86,70,3500,24.57142857142857,65.14285714285714,758850,29.596333853354135,0,Normally Policed
450190020031,504,195,159,7950,24.528301886792455,63.39622641509433,766800,29.906396255850233,0,Normally Policed
450190020033,329,121,99,4950,24.444444444444446,66.46464646464646,771750,30.099453978159126,0,Normally Policed
450150203023,259,89,73,3650,24.383561643835616,70.95890410958904,775400,30.241809672386893,0,Normally Policed
450190046064,142,67,55,2750,24.363636363636367,51.63636363636363,778150,30.349063962558503,0,Normally Policed
450150207191,395,177,146,7300,24.246575342465754,54.10958904109589,785450,30.63377535101404,0,Normally Policed
450190007002,49,23,19,950,24.210526315789473,51.57894736842105,786400,30.670826833073324,0,Normally Policed
450190025021,297,99,82,4100,24.146341463414636,72.4390243902439,790500,30.830733229329173,0,Normally Policed
450190046081,286,123,102,5100,24.11764705882353,56.07843137254902,795600,31.029641185647428,0,Normally Policed
450190020063,271,84,70,3500,24.0,77.42857142857143,799100,31.166146645865833,0,Normally Policed
450190055001,774,289,241,12050,23.983402489626556,64.23236514522821,811150,31.636115444617786,0,Normally Policed
450190021012,800,275,231,11550,23.809523809523807,69.26406926406926,822700,32.086583463338535,0,Normally Policed
450150203022,263,95,80,4000,23.75,65.75,826700,32.242589703588145,0,Normally Policed
450630209051,189,95,80,4000,23.75,47.25,830700,32.398595943837755,0,Normally Policed
450190020023,162,74,63,3150,23.49206349206349,51.42857142857143,833850,32.52145085803432,0,Normally Policed
450190037003,185,81,69,3450,23.478260869565215,53.6231884057971,837300,32.65600624024961,0,Normally Policed
450190019022,163,68,58,2900,23.448275862068964,56.206896551724135,840200,32.76911076443058,0,Normally Policed
450190021011,485,171,146,7300,23.424657534246574,66.43835616438356,847500,33.05382215288611,0,Normally Policed
450190028011,145,62,53,2650,23.39622641509434,54.716981132075475,850150,33.157176287051485,0,Normally Policed
450190020022,257,111,95,4750,23.36842105263158,54.10526315789474,854900,33.34243369734789,0,Normally Policed
450150207223,36,14,12,600,23.333333333333336,60.0,855500,33.36583463338533,0,Normally Policed
450150201021,318,102,88,4400,23.181818181818183,72.27272727272727,859900,33.537441497659906,0,Normally Policed
450190050002,240,88,76,3800,23.157894736842106,63.15789473684211,863700,33.68564742589704,0,Normally Policed
450190053001,665,242,209,10450,23.157894736842106,63.63636363636363,874150,34.093213728549145,0,Normally Policed
450350105011,77,30,26,1300,23.076923076923077,59.23076923076923,875450,34.143915756630264,0,Normally Policed
450190022001,227,84,73,3650,23.013698630136986,62.19178082191781,879100,34.28627145085804,0,Normally Policed
450350104002,51,23,20,1000,23.0,51.0,880100,34.32527301092044,0,Normally Policed
450190026142,209,69,60,3000,23.0,69.66666666666667,883100,34.44227769110764,0,Normally Policed
450350105041,98,39,34,1700,22.941176470588236,57.64705882352941,884800,34.50858034321373,0,Normally Policed
450190053003,612,228,199,9950,22.91457286432161,61.50753768844221,894750,34.896645865834635,0,Normally Policed
450190040002,366,126,110,5500,22.90909090909091,66.54545454545455,900250,35.11115444617784,0,Normally Policed
450190005002,19,8,7,350,22.857142857142858,54.285714285714285,900600,35.124804992199685,0,Normally Policed
450150207201,199,81,71,3550,22.816901408450704,56.056338028169016,904150,35.26326053042121,0,Normally Policed
450150203021,486,161,142,7100,22.676056338028168,68.45070422535211,911250,35.54017160686428,0,Normally Policed
450190031132,578,197,174,8700,22.64367816091954,66.4367816091954,919950,35.879485179407176,0,Normally Policed
450190046092,430,155,137,6850,22.627737226277375,62.77372262773723,926800,36.14664586583463,0,Normally Policed
450190031153,571,227,201,10050,22.587064676616915,56.81592039800995,936850,36.53861154446178,0,Normally Policed
450350108012,88,35,31,1550,22.58064516129032,56.7741935483871,938400,36.5990639625585,0,Normally Policed
450190011003,456,174,155,7750,22.451612903225804,58.83870967741935,946150,36.90132605304212,0,Normally Policed
450190046142,96,46,41,2050,22.4390243902439,46.829268292682926,948200,36.981279251170044,0,Normally Policed
450190031152,366,121,108,5400,22.40740740740741,67.77777777777779,953600,37.19188767550702,0,Normally Policed
450190044002,737,230,206,10300,22.33009708737864,71.55339805825243,963900,37.59360374414977,0,Normally Policed
450190026132,149,48,43,2150,22.325581395348838,69.30232558139535,966050,37.67745709828393,0,Normally Policed
450350108142,103,39,35,1750,22.28571428571429,58.85714285714286,967800,37.74570982839314,0,Normally Policed
450150208062,233,88,79,3950,22.27848101265823,58.98734177215189,971750,37.89976599063963,0,Normally Policed
450190046063,195,59,53,2650,22.264150943396224,73.58490566037736,974400,38.00312012480499,0,Normally Policed
450190005001,15,10,9,450,22.22222222222222,33.333333333333336,974850,38.020670826833076,0,Normally Policed
450750103001,41,10,9,450,22.22222222222222,91.11111111111111,975300,38.03822152886116,0,Normally Policed
450150208071,1053,341,308,15400,22.142857142857142,68.37662337662339,990700,38.63884555382215,0,Normally Policed
450190028013,145,64,58,2900,22.068965517241377,50.0,993600,38.75195007800312,0,Normally Policed
450150207232,148,65,59,2950,22.033898305084744,50.16949152542373,996550,38.86700468018721,0,Normally Policed
450350107003,349,98,89,4450,22.02247191011236,78.42696629213484,1001000,39.0405616224649,0,Normally Policed
450190026141,236,89,81,4050,21.97530864197531,58.2716049382716,1005050,39.19851794071763,0,Normally Policed
450190009002,450,146,133,6650,21.954887218045112,67.66917293233082,1011700,39.457878315132604,0,Normally Policed
450190036001,194,79,72,3600,21.944444444444443,53.888888888888886,1015300,39.59828393135725,0,Normally Policed
450190021014,364,126,115,5750,21.913043478260867,63.30434782608696,1021050,39.82254290171607,0,Normally Policed
450190001001,120,47,43,2150,21.86046511627907,55.81395348837209,1023200,39.90639625585023,0,Normally Policed
450190020061,51,24,22,1100,21.81818181818182,46.36363636363637,1024300,39.94929797191888,0,Normally Policed
450190054001,443,143,132,6600,21.666666666666668,67.12121212121212,1030900,40.20670826833073,0,Normally Policed
450190026112,104,39,36,1800,21.666666666666668,57.77777777777778,1032700,40.27691107644306,0,Normally Policed
450150204041,170,65,60,3000,21.666666666666668,56.666666666666664,1035700,40.393915756630264,0,Normally Policed
450350107002,258,97,90,4500,21.555555555555557,57.333333333333336,1040200,40.569422776911075,0,Normally Policed
450150207172,461,140,130,6500,21.538461538461537,70.92307692307692,1046700,40.82293291731669,0,Normally Policed
450350108092,147,42,39,1950,21.538461538461537,75.38461538461539,1048650,40.89898595943838,0,Normally Policed
450190026134,191,84,78,3900,21.538461538461537,48.97435897435897,1052550,41.05109204368175,0,Normally Policed
450350106032,181,85,79,3950,21.518987341772153,45.822784810126585,1056500,41.20514820592824,0,Normally Policed
450190039002,316,117,109,5450,21.46788990825688,57.981651376146786,1061950,41.417706708268334,0,Normally Policed
450150209011,189,59,55,2750,21.454545454545457,68.72727272727273,1064700,41.52496099843994,0,Normally Policed
450190029002,94,45,42,2100,21.428571428571427,44.76190476190476,1066800,41.60686427457098,0,Normally Policed
450190020051,75,32,30,1500,21.333333333333332,50.0,1068300,41.665366614664585,0,Normally Policed
450150205061,291,96,90,4500,21.333333333333332,64.66666666666666,1072800,41.840873634945396,0,Normally Policed
450150201012,480,151,142,7100,21.267605633802816,67.6056338028169,1079900,42.11778471138846,0,Normally Policed
450150207142,162,69,65,3250,21.23076923076923,49.84615384615385,1083150,42.244539781591264,0,Normally Policed
450190046101,183,61,58,2900,21.03448275862069,63.10344827586208,1086050,42.35764430577223,0,Normally Policed
450350104003,114,41,39,1950,21.025641025641026,58.46153846153846,1088000,42.43369734789392,0,Normally Policed
450190020032,314,105,100,5000,21.0,62.8,1093000,42.62870514820593,0,Normally Policed
450150207141,354,111,106,5300,20.943396226415093,66.79245283018868,1098300,42.83541341653666,0,Normally Policed
450350108085,53,24,23,1150,20.869565217391305,46.08695652173913,1099450,42.88026521060843,0,Normally Policed
450190004002,48,25,24,1200,20.833333333333332,40.0,1100650,42.92706708268331,0,Normally Policed
450190046061,235,81,78,3900,20.76923076923077,60.256410256410255,1104550,43.07917316692668,0,Normally Policed
0,1381,648,625,31250,20.736,44.192,1135800,44.297971918876755,0,Normally Policed
450190031081,904,270,263,13150,20.53231939163498,68.74524714828897,1148950,44.810842433697346,0,Normally Policed
450150207181,407,150,147,7350,20.408163265306122,55.374149659863946,1156300,45.097503900156006,0,Normally Policed
450350106053,105,51,50,2500,20.400000000000002,42.0,1158800,45.19500780031201,0,Normally Policed
450190031101,462,171,168,8400,20.357142857142858,55.0,1167200,45.522620904836195,0,Normally Policed
450190026052,233,62,61,3050,20.327868852459016,76.39344262295081,1170250,45.64157566302652,0,Normally Policed
450190019013,195,66,65,3250,20.307692307692307,60.0,1173500,45.76833073322933,0,Normally Policed
450190046141,228,75,74,3700,20.27027027027027,61.62162162162162,1177200,45.91263650546022,0,Normally Policed
450190046124,222,81,80,4000,20.25,55.5,1181200,46.06864274570982,0,Normally Policed
450790103041,1,1,1,50,20.0,20.0,1181250,46.07059282371295,0,Normally Policed
450410015042,1,1,1,50,20.0,20.0,1181300,46.07254290171607,0,Normally Policed
450499203001,1,1,1,50,20.0,20.0,1181350,46.07449297971919,0,Normally Policed
450410010001,4,3,3,150,20.0,26.666666666666668,1181500,46.08034321372855,0,Normally Policed
450790104132,1,1,1,50,20.0,20.0,1181550,46.082293291731666,0,Normally Policed
450410011003,3,1,1,50,20.0,60.0,1181600,46.08424336973479,0,Normally Policed
450410011004,2,1,1,50,20.0,40.0,1181650,46.08619344773791,0,Normally Policed
450790031002,4,3,3,150,20.0,26.666666666666668,1181800,46.09204368174727,0,Normally Policed
450790102002,5,1,1,50,20.0,100.0,1181850,46.09399375975039,0,Normally Policed
450410012002,4,1,1,50,20.0,80.0,1181900,46.09594383775351,0,Normally Policed
450719501003,1,1,1,50,20.0,20.0,1181950,46.097893915756636,0,Normally Policed
450790104121,14,5,5,250,20.0,56.0,1182200,46.10764430577223,0,Normally Policed
450070101041,1,1,1,50,20.0,20.0,1182250,46.109594383775345,0,Normally Policed
450790103055,1,1,1,50,20.0,20.0,1182300,46.11154446177847,0,Normally Policed
450410015062,1,1,1,50,20.0,20.0,1182350,46.11349453978159,0,Normally Policed
450410016025,7,1,1,50,20.0,140.0,1182400,46.11544461778471,0,Normally Policed
450410006003,3,2,2,100,20.0,30.0,1182500,46.11934477379095,0,Normally Policed
450790104071,1,1,1,50,20.0,20.0,1182550,46.12129485179407,0,Normally Policed
450439202022,8,5,5,250,20.0,32.0,1182800,46.13104524180967,0,Normally Policed
450559709031,5,2,2,100,20.0,50.0,1182900,46.13494539781591,0,Normally Policed
450790104033,6,2,2,100,20.0,60.0,1183000,46.13884555382216,0,Normally Policed
450790104031,7,2,2,100,20.0,70.0,1183100,46.14274570982839,0,Normally Policed
450410024003,1,1,1,50,20.0,20.0,1183150,46.144695787831516,0,Normally Policed
450790103092,1,1,1,50,20.0,20.0,1183200,46.146645865834635,0,Normally Policed
450790103072,1,1,1,50,20.0,20.0,1183250,46.148595943837755,0,Normally Policed
450790103056,1,1,1,50,20.0,20.0,1183300,46.150546021840874,0,Normally Policed
450790104103,3,2,2,100,20.0,30.0,1183400,46.15444617784711,0,Normally Policed
450790108051,2,2,2,100,20.0,20.0,1183500,46.15834633385336,0,Normally Policed
450790108041,3,2,2,100,20.0,30.0,1183600,46.16224648985959,0,Normally Policed
450130011013,1,1,1,50,20.0,20.0,1183650,46.16419656786272,0,Normally Policed
450130011021,8,4,4,200,20.0,40.0,1183850,46.171996879875195,0,Normally Policed
450510501021,1,1,1,50,20.0,20.0,1183900,46.173946957878314,0,Normally Policed
450510405002,1,1,1,50,20.0,20.0,1183950,46.175897035881434,0,Normally Policed
450790116032,1,1,1,50,20.0,20.0,1184000,46.17784711388456,0,Normally Policed
450190022002,135,53,53,2650,20.0,50.943396226415096,1186650,46.281201248049925,0,Normally Policed
450790114152,7,2,2,100,20.0,70.0,1186750,46.285101404056164,0,Normally Policed
450150208042,86,37,37,1850,20.0,46.486486486486484,1188600,46.3572542901716,0,Normally Policed
450510401051,3,1,1,50,20.0,60.0,1188650,46.35920436817473,0,Normally Policed
450790114111,1,1,1,50,20.0,20.0,1188700,46.36115444617785,0,Normally Policed
450070003002,1,1,1,50,20.0,20.0,1188750,46.36310452418096,0,Normally Policed
450510401032,6,1,1,50,20.0,120.0,1188800,46.36505460218409,0,Normally Policed
450630213042,1,1,1,50,20.0,20.0,1188850,46.36700468018721,0,Normally Policed
450130011012,2,1,1,50,20.0,40.0,1188900,46.36895475819033,0,Normally Policed
450410002024,1,1,1,50,20.0,20.0,1188950,46.370904836193446,0,Normally Policed
450659202002,1,1,1,50,20.0,20.0,1189000,46.372854914196566,0,Normally Policed
450679502002,3,1,1,50,20.0,60.0,1189050,46.374804992199685,0,Normally Policed
450699603021,4,1,1,50,20.0,80.0,1189100,46.376755070202805,0,Normally Policed
450790113052,1,1,1,50,20.0,20.0,1189150,46.37870514820593,0,Normally Policed
450790113041,1,1,1,50,20.0,20.0,1189200,46.38065522620905,0,Normally Policed
450790113033,2,1,1,50,20.0,40.0,1189250,46.38260530421217,0,Normally Policed
450790113016,1,1,1,50,20.0,20.0,1189300,46.38455538221529,0,Normally Policed
450790110002,1,1,1,50,20.0,20.0,1189350,46.38650546021841,0,Normally Policed
450499203002,2,1,1,50,20.0,40.0,1189400,46.38845553822153,0,Normally Policed
450399605001,1,1,1,50,20.0,20.0,1189450,46.39040561622465,0,Normally Policed
450790109002,3,2,2,100,20.0,30.0,1189550,46.39430577223089,0,Normally Policed
450439203022,3,2,2,100,20.0,30.0,1189650,46.39820592823713,0,Normally Policed
450499202001,2,1,1,50,20.0,40.0,1189700,46.40015600624025,0,Normally Policed
450790030001,1,1,1,50,20.0,20.0,1189750,46.40210608424337,0,Normally Policed
450510505001,2,1,1,50,20.0,40.0,1189800,46.40405616224649,0,Normally Policed
450130002001,1,1,1,50,20.0,20.0,1189850,46.40600624024961,0,Normally Policed
450119704001,1,1,1,50,20.0,20.0,1189900,46.40795631825273,0,Normally Policed
450450021063,2,1,1,50,20.0,40.0,1189950,46.40990639625585,0,Normally Policed
450750117001,2,1,1,50,20.0,40.0,1190000,46.411856474258975,0,Normally Policed
450450021072,3,2,2,100,20.0,30.0,1190100,46.41575663026521,0,Normally Policed
450750115003,1,1,1,50,20.0,20.0,1190150,46.417706708268334,0,Normally Policed
450750115002,2,1,1,50,20.0,40.0,1190200,46.41965678627145,0,Normally Policed
450450025052,1,1,1,50,20.0,20.0,1190250,46.42160686427457,0,Normally Policed
450450027022,3,2,2,100,20.0,30.0,1190350,46.42550702028081,0,Normally Policed
450479708005,1,1,1,50,20.0,20.0,1190400,46.42745709828393,0,Normally Policed
450450028112,1,1,1,50,20.0,20.0,1190450,46.42940717628705,0,Normally Policed
450119705002,1,1,1,50,20.0,20.0,1190500,46.43135725429018,0,Normally Policed
450130001002,1,1,1,50,20.0,20.0,1190550,46.433307332293296,0,Normally Policed
450750108003,3,1,1,50,20.0,60.0,1190600,46.43525741029641,0,Normally Policed
450479707024,2,1,1,50,20.0,40.0,1190650,46.43720748829953,0,Normally Policed
450070113003,2,1,1,50,20.0,40.0,1190700,46.439157566302654,0,Normally Policed
450450030092,3,1,1,50,20.0,60.0,1190750,46.441107644305774,0,Normally Policed
450450030151,1,1,1,50,20.0,20.0,1190800,46.44305772230889,0,Normally Policed
450750105004,2,1,1,50,20.0,40.0,1190850,46.44500780031201,0,Normally Policed
450179502001,1,1,1,50,20.0,20.0,1190900,46.44695787831513,0,Normally Policed
450130002002,1,1,1,50,20.0,20.0,1190950,46.44890795631825,0,Normally Policed
450450034011,1,1,1,50,20.0,20.0,1191000,46.45085803432137,0,Normally Policed
450450036014,1,1,1,50,20.0,20.0,1191050,46.4528081123245,0,Normally Policed
450450037042,3,2,2,100,20.0,30.0,1191150,46.45670826833073,0,Normally Policed
450179501001,2,1,1,50,20.0,40.0,1191200,46.458658346333856,0,Normally Policed
450730306012,3,1,1,50,20.0,60.0,1191250,46.460608424336975,0,Normally Policed
450479703023,1,1,1,50,20.0,20.0,1191300,46.462558502340094,0,Normally Policed
450730310005,1,1,1,50,20.0,20.0,1191350,46.464508580343214,0,Normally Policed
450130005012,3,1,1,50,20.0,60.0,1191400,46.46645865834633,0,Normally Policed
450450020032,3,2,2,100,20.0,30.0,1191500,46.47035881435257,0,Normally Policed
450190002002,2,2,2,100,20.0,20.0,1191600,46.47425897035881,0,Normally Policed
450750117003,1,1,1,50,20.0,20.0,1191650,46.47620904836193,0,Normally Policed
450119701005,3,1,1,50,20.0,60.0,1191700,46.47815912636506,0,Normally Policed
450790026021,2,2,2,100,20.0,20.0,1191800,46.482059282371296,0,Normally Policed
450439205013,3,1,1,50,20.0,60.0,1191850,46.484009360374415,0,Normally Policed
450790025001,1,1,1,50,20.0,20.0,1191900,46.485959438377535,0,Normally Policed
450790010001,2,1,1,50,20.0,40.0,1191950,46.487909516380654,0,Normally Policed
450070120022,1,1,1,50,20.0,20.0,1192000,46.48985959438377,0,Normally Policed
450099601002,2,1,1,50,20.0,40.0,1192050,46.4918096723869,0,Normally Policed
450099601005,3,1,1,50,20.0,60.0,1192100,46.49375975039002,0,Normally Policed
450790001001,1,1,1,50,20.0,20.0,1192150,46.49570982839313,0,Normally Policed
450439206002,1,1,1,50,20.0,20.0,1192200,46.49765990639626,0,Normally Policed
450499201002,1,1,1,50,20.0,20.0,1192250,46.49960998439938,0,Normally Policed
450770109023,1,1,1,50,20.0,20.0,1192300,46.5015600624025,0,Normally Policed
450719506011,1,1,1,50,20.0,20.0,1192350,46.503510140405616,0,Normally Policed
450439206006,1,1,1,50,20.0,20.0,1192400,46.505460218408736,0,Normally Policed
450770108041,1,1,1,50,20.0,20.0,1192450,46.507410296411855,0,Normally Policed
450770108022,1,1,1,50,20.0,20.0,1192500,46.509360374414975,0,Normally Policed
450439207003,4,3,3,150,20.0,26.666666666666668,1192650,46.51521060842433,0,Normally Policed
450750120003,2,2,2,100,20.0,20.0,1192750,46.51911076443058,0,Normally Policed
450130008002,1,1,1,50,20.0,20.0,1192800,46.5210608424337,0,Normally Policed
450439208003,11,4,4,200,20.0,55.0,1193000,46.528861154446176,0,Normally Policed
450450002001,1,1,1,50,20.0,20.0,1193050,46.530811232449295,0,Normally Policed
450750120002,2,1,1,50,20.0,40.0,1193100,46.53276131045242,0,Normally Policed
450190006001,72,31,31,1550,20.0,46.45161290322581,1194650,46.593213728549145,0,Normally Policed
450450009001,1,1,1,50,20.0,20.0,1194700,46.595163806552264,0,Normally Policed
450750119003,1,1,1,50,20.0,20.0,1194750,46.59711388455538,0,Normally Policed
450450012042,8,2,2,100,20.0,80.0,1194850,46.60101404056162,0,Normally Policed
450750118002,2,1,1,50,20.0,40.0,1194900,46.60296411856474,0,Normally Policed
450450018041,1,1,1,50,20.0,20.0,1194950,46.60491419656786,0,Normally Policed
450630212041,5,2,2,100,20.0,50.0,1195050,46.6088143525741,0,Normally Policed
450410022011,1,1,1,50,20.0,20.0,1195100,46.61076443057722,0,Normally Policed
450630211102,1,1,1,50,20.0,20.0,1195150,46.612714508580346,0,Normally Policed
450510701012,1,1,1,50,20.0,20.0,1195200,46.614664586583466,0,Normally Policed
450279608021,1,1,1,50,20.0,20.0,1195250,46.61661466458658,0,Normally Policed
450899707002,2,1,1,50,20.0,40.0,1195300,46.618564742589705,0,Normally Policed
450030214003,3,1,1,50,20.0,60.0,1195350,46.620514820592824,0,Normally Policed
450510704002,4,2,2,100,20.0,40.0,1195450,46.62441497659906,0,Normally Policed
450899705022,5,2,2,100,20.0,50.0,1195550,46.6283151326053,0,Normally Policed
450299702001,7,3,3,150,20.0,46.66666666666667,1195700,46.63416536661467,0,Normally Policed
450299702002,4,2,2,100,20.0,40.0,1195800,46.638065522620906,0,Normally Policed
450510702002,1,1,1,50,20.0,20.0,1195850,46.640015600624025,0,Normally Policed
450630205063,1,1,1,50,20.0,20.0,1195900,46.641965678627145,0,Normally Policed
450899705013,4,2,2,100,20.0,40.0,1196000,46.64586583463339,0,Normally Policed
450299703005,7,2,2,100,20.0,70.0,1196100,46.64976599063962,0,Normally Policed
450630205071,4,2,2,100,20.0,40.0,1196200,46.65366614664587,0,Normally Policed
450899705011,6,4,4,200,20.0,30.0,1196400,46.661466458658346,0,Normally Policed
450510602061,1,1,1,50,20.0,20.0,1196450,46.663416536661465,0,Normally Policed
450850020003,1,1,1,50,20.0,20.0,1196500,46.66536661466459,0,Normally Policed
450630205073,1,1,1,50,20.0,20.0,1196550,46.667316692667704,0,Normally Policed
450299705001,23,9,9,450,20.0,51.111111111111114,1197000,46.684867394695786,0,Normally Policed
450299705002,16,7,7,350,20.0,45.714285714285715,1197350,46.69851794071763,0,Normally Policed
450850018012,4,1,1,50,20.0,80.0,1197400,46.70046801872075,0,Normally Policed
450630205092,1,1,1,50,20.0,20.0,1197450,46.70241809672387,0,Normally Policed
450299705005,17,7,7,350,20.0,48.57142857142857,1197800,46.71606864274571,0,Normally Policed
450630205103,3,2,2,100,20.0,30.0,1197900,46.71996879875195,0,Normally Policed
450510603081,2,1,1,50,20.0,40.0,1197950,46.72191887675507,0,Normally Policed
450850017032,5,1,1,50,20.0,100.0,1198000,46.72386895475819,0,Normally Policed
450790116061,2,1,1,50,20.0,40.0,1198050,46.725819032761315,0,Normally Policed
450510603012,2,1,1,50,20.0,40.0,1198100,46.727769110764434,0,Normally Policed
450899708013,2,1,1,50,20.0,40.0,1198150,46.72971918876755,0,Normally Policed
450279607032,2,1,1,50,20.0,40.0,1198200,46.73166926677067,0,Normally Policed
450030207022,1,1,1,50,20.0,20.0,1198250,46.73361934477379,0,Normally Policed
450630205062,1,1,1,50,20.0,20.0,1198300,46.73556942277691,0,Normally Policed
450570102006,1,1,1,50,20.0,20.0,1198350,46.73751950078003,0,Normally Policed
450559705004,1,1,1,50,20.0,20.0,1198400,46.73946957878315,0,Normally Policed
450030201003,1,1,1,50,20.0,20.0,1198450,46.74141965678627,0,Normally Policed
450910615021,1,1,1,50,20.0,20.0,1198500,46.74336973478939,0,Normally Policed
450190049021,9,4,4,200,20.0,45.0,1198700,46.751170046801874,0,Normally Policed
450190049012,9,6,6,300,20.0,30.0,1199000,46.76287051482059,0,Normally Policed
450570104002,2,1,1,50,20.0,40.0,1199050,46.76482059282371,0,Normally Policed
450570105003,1,1,1,50,20.0,20.0,1199100,46.76677067082684,0,Normally Policed
450570108002,1,1,1,50,20.0,20.0,1199150,46.76872074882995,0,Normally Policed
450910612022,1,1,1,50,20.0,20.0,1199200,46.77067082683307,0,Normally Policed
450570110022,7,1,1,50,20.0,140.0,1199250,46.772620904836195,0,Normally Policed
450570111002,1,1,1,50,20.0,20.0,1199300,46.774570982839315,0,Normally Policed
450599202023,1,1,1,50,20.0,20.0,1199350,46.776521060842434,0,Normally Policed
450619204003,1,1,1,50,20.0,20.0,1199400,46.77847113884555,0,Normally Policed
450130108002,2,2,2,100,20.0,20.0,1199500,46.78237129485179,0,Normally Policed
450510707022,1,1,1,50,20.0,20.0,1199550,46.78432137285491,0,Normally Policed
450630202013,1,1,1,50,20.0,20.0,1199600,46.78627145085804,0,Normally Policed
450510707012,1,1,1,50,20.0,20.0,1199650,46.78822152886116,0,Normally Policed
450259505011,1,1,1,50,20.0,20.0,1199700,46.79017160686427,0,Normally Policed
450030207011,1,1,1,50,20.0,20.0,1199750,46.792121684867396,0,Normally Policed
450910609052,2,1,1,50,20.0,40.0,1199800,46.794071762870516,0,Normally Policed
450279602011,7,1,1,50,20.0,140.0,1199850,46.796021840873635,0,Normally Policed
450910609051,2,1,1,50,20.0,40.0,1199900,46.797971918876755,0,Normally Policed
450630205052,1,1,1,50,20.0,20.0,1199950,46.799921996879874,0,Normally Policed
450910609041,1,1,1,50,20.0,20.0,1200000,46.80187207488299,0,Normally Policed
450510603011,1,1,1,50,20.0,20.0,1200050,46.80382215288611,0,Normally Policed
450850016002,1,1,1,50,20.0,20.0,1200100,46.80577223088924,0,Normally Policed
450630207051,4,2,2,100,20.0,40.0,1200200,46.80967238689547,0,Normally Policed
450830213032,1,1,1,50,20.0,20.0,1200250,46.8116224648986,0,Normally Policed
450630210231,3,2,2,100,20.0,30.0,1200350,46.81552262090484,0,Normally Policed
450510602041,2,1,1,50,20.0,40.0,1200400,46.817472698907956,0,Normally Policed
450510514042,2,1,1,50,20.0,40.0,1200450,46.819422776911075,0,Normally Policed
450510514033,1,1,1,50,20.0,20.0,1200500,46.821372854914195,0,Normally Policed
450830220062,1,1,1,50,20.0,20.0,1200550,46.823322932917314,0,Normally Policed
450510514032,6,3,3,150,20.0,40.0,1200700,46.82917316692668,0,Normally Policed
450630210302,1,1,1,50,20.0,20.0,1200750,46.8311232449298,0,Normally Policed
450190031062,241,89,89,4450,20.0,54.157303370786515,1205200,47.004680187207484,0,Normally Policed
450630210311,2,1,1,50,20.0,40.0,1205250,47.00663026521061,0,Normally Policed
450830216002,3,1,1,50,20.0,60.0,1205300,47.00858034321373,0,Normally Policed
450830214011,1,1,1,50,20.0,20.0,1205350,47.01053042121685,0,Normally Policed
450830212003,1,1,1,50,20.0,20.0,1205400,47.01248049921997,0,Normally Policed
450130021032,1,1,1,50,20.0,20.0,1205450,47.01443057722309,0,Normally Policed
450510512011,1,1,1,50,20.0,20.0,1205500,47.01638065522621,0,Normally Policed
450510509003,1,1,1,50,20.0,20.0,1205550,47.01833073322933,0,Normally Policed
450190026133,98,21,21,1050,20.0,93.33333333333334,1206600,47.059282371294856,0,Normally Policed
450630211061,1,1,1,50,20.0,20.0,1206650,47.061232449297975,0,Normally Policed
450190026131,74,38,38,1900,20.0,38.94736842105263,1208550,47.135335413416534,0,Normally Policed
450630211091,1,1,1,50,20.0,20.0,1208600,47.137285491419654,0,Normally Policed
450819602014,2,1,1,50,20.0,40.0,1208650,47.13923556942278,0,Normally Policed
450790117022,1,1,1,50,20.0,20.0,1208700,47.1411856474259,0,Normally Policed
450790116082,2,1,1,50,20.0,40.0,1208750,47.14313572542902,0,Normally Policed
450350108083,36,14,14,700,20.0,51.42857142857143,1209450,47.1704368174727,0,Normally Policed
450479702021,1,1,1,50,20.0,20.0,1209500,47.17238689547582,0,Normally Policed
450830222021,2,1,1,50,20.0,40.0,1209550,47.17433697347894,0,Normally Policed
450150207241,112,50,50,2500,20.0,44.8,1212050,47.27184087363494,0,Normally Policed
450130021053,1,1,1,50,20.0,20.0,1212100,47.27379095163807,0,Normally Policed
450830224034,1,1,1,50,20.0,20.0,1212150,47.27574102964119,0,Normally Policed
450299708003,6,2,2,100,20.0,60.0,1212250,47.27964118564743,0,Normally Policed
450310101001,1,1,1,50,20.0,20.0,1212300,47.28159126365055,0,Normally Policed
450310102001,1,1,1,50,20.0,20.0,1212350,47.28354134165367,0,Normally Policed
450850016001,1,1,1,50,20.0,20.0,1212400,47.285491419656786,0,Normally Policed
450310104002,3,1,1,50,20.0,60.0,1212450,47.287441497659906,0,Normally Policed
450310105003,2,1,1,50,20.0,40.0,1212500,47.289391575663025,0,Normally Policed
450850011003,1,1,1,50,20.0,20.0,1212550,47.291341653666144,0,Normally Policed
450630207071,2,1,1,50,20.0,40.0,1212600,47.29329173166927,0,Normally Policed
450310112001,2,1,1,50,20.0,40.0,1212650,47.29524180967239,0,Normally Policed
450850008002,3,3,3,150,20.0,20.0,1212800,47.30109204368175,0,Normally Policed
450030220021,1,1,1,50,20.0,20.0,1212850,47.30304212168487,0,Normally Policed
450190031143,206,77,77,3850,20.0,53.506493506493506,1216700,47.45319812792512,0,Normally Policed
450830225001,2,1,1,50,20.0,40.0,1216750,47.45514820592824,0,Normally Policed
450059702001,1,1,1,50,20.0,20.0,1216800,47.45709828393136,0,Normally Policed
450510601022,2,1,1,50,20.0,40.0,1216850,47.45904836193448,0,Normally Policed
450510517001,4,3,3,150,20.0,26.666666666666668,1217000,47.464898595943836,0,Normally Policed
450510516012,1,1,1,50,20.0,20.0,1217050,47.46684867394696,0,Normally Policed
450510516013,1,1,1,50,20.0,20.0,1217100,47.468798751950075,0,Normally Policed
450510516032,2,1,1,50,20.0,40.0,1217150,47.470748829953195,0,Normally Policed
450130021072,3,1,1,50,20.0,60.0,1217200,47.47269890795632,0,Normally Policed
450479702011,3,2,2,100,20.0,30.0,1217300,47.47659906396256,0,Normally Policed
450830224033,1,1,1,50,20.0,20.0,1217350,47.47854914196568,0,Normally Policed
450630208021,4,2,2,100,20.0,40.0,1217450,47.48244929797192,0,Normally Policed
450190027012,440,117,119,5950,19.663865546218485,73.94957983193278,1223400,47.714508580343214,0,Normally Policed
450190057002,107,42,43,2150,19.53488372093023,49.76744186046512,1225550,47.79836193447738,0,Normally Policed
450190044001,497,118,121,6050,19.50413223140496,82.14876033057851,1231600,48.03432137285492,0,Normally Policed
450190024003,382,110,113,5650,19.469026548672566,67.61061946902655,1237250,48.25468018720749,0,Normally Policed
450190052001,115,34,35,1750,19.428571428571427,65.71428571428571,1239000,48.32293291731669,0,Normally Policed
450190031061,505,161,166,8300,19.397590361445783,60.8433734939759,1247300,48.64664586583463,0,Normally Policed
450190047022,165,62,64,3200,19.375,51.5625,1250500,48.77145085803432,0,Normally Policed
450190031104,347,117,121,6050,19.33884297520661,57.35537190082644,1256550,49.007410296411855,0,Normally Policed
450150205043,158,56,58,2900,19.310344827586206,54.48275862068966,1259450,49.120514820592824,0,Normally Policed
450190031102,82,28,29,1450,19.310344827586206,56.55172413793103,1260900,49.17706708268331,0,Normally Policed
450190004001,141,55,57,2850,19.29824561403509,49.473684210526315,1263750,49.28822152886115,0,Normally Policed
450190046113,248,94,98,4900,19.183673469387756,50.61224489795919,1268650,49.479329173166924,0,Normally Policed
450150202022,124,44,46,2300,19.130434782608695,53.91304347826087,1270950,49.56903276131045,0,Normally Policed
450190040003,838,245,257,12850,19.066147859922182,65.21400778210116,1283800,50.07020280811233,0,Normally Policed
450150206003,179,59,62,3100,19.032258064516128,57.74193548387097,1286900,50.191107644305774,0,Normally Policed
450150205031,220,76,80,4000,19.0,55.0,1290900,50.347113884555384,0,Normally Policed
450190058001,226,75,79,3950,18.9873417721519,57.21518987341772,1294850,50.50117004680187,0,Normally Policed
450190051001,208,68,72,3600,18.88888888888889,57.77777777777778,1298450,50.641575663026515,0,Normally Policed
450350108184,561,167,177,8850,18.870056497175142,63.389830508474574,1307300,50.98673946957878,0,Normally Policed
450350108163,99,32,34,1700,18.823529411764703,58.23529411764706,1309000,51.05304212168487,0,Normally Policed
450150208111,538,179,191,9550,18.7434554973822,56.33507853403141,1318550,51.42550702028081,0,Normally Policed
450190024002,551,145,156,7800,18.58974358974359,70.64102564102565,1326350,51.729719188767554,0,Normally Policed
450190031051,495,145,156,7800,18.58974358974359,63.46153846153846,1334150,52.03393135725429,0,Normally Policed
450190038002,569,158,170,8500,18.58823529411765,66.94117647058825,1342650,52.3654446177847,0,Normally Policed
450190046083,59,26,28,1400,18.571428571428573,42.14285714285714,1344050,52.420046801872076,0,Normally Policed
450150202023,260,77,83,4150,18.55421686746988,62.65060240963856,1348200,52.58190327613105,0,Normally Policed
450150208101,523,153,165,8250,18.545454545454547,63.39393939393939,1356450,52.90366614664587,0,Normally Policed
450190052002,52,25,27,1350,18.51851851851852,38.51851851851852,1357800,52.95631825273011,0,Normally Policed
450150210002,260,85,92,4600,18.47826086956522,56.52173913043478,1362400,53.13572542901716,0,Normally Policed
450190036002,285,100,109,5450,18.34862385321101,52.29357798165138,1367850,53.34828393135725,0,Normally Policed
450350108183,34,11,12,600,18.333333333333332,56.666666666666664,1368450,53.3716848673947,0,Normally Policed
450190034001,307,105,115,5750,18.260869565217394,53.391304347826086,1374200,53.59594383775351,0,Normally Policed
450350102002,29,10,11,550,18.18181818181818,52.72727272727273,1374750,53.61739469578784,0,Normally Policed
450190043002,421,117,129,6450,18.139534883720927,65.27131782945736,1381200,53.86895475819033,0,Normally Policed
450350103005,52,19,21,1050,18.095238095238095,49.523809523809526,1382250,53.90990639625585,0,Normally Policed
450190046084,171,75,83,4150,18.072289156626507,41.204819277108435,1386400,54.07176287051482,0,Normally Policed
450190046074,93,36,40,2000,18.0,46.5,1388400,54.14976599063962,0,Normally Policed
450150204032,24,9,10,500,18.0,48.0,1388900,54.16926677067083,0,Normally Policed
450190010002,128,45,50,2500,18.0,51.2,1391400,54.26677067082684,0,Normally Policed
450190031131,335,88,98,4900,17.959183673469386,68.36734693877551,1396300,54.457878315132604,0,Normally Policed
450190027022,94,26,29,1450,17.93103448275862,64.82758620689654,1397750,54.514430577223095,0,Normally Policed
450190033003,712,187,209,10450,17.89473684210526,68.13397129186603,1408200,54.92199687987519,0,Normally Policed
450350108201,160,42,47,2350,17.872340425531917,68.08510638297872,1410550,55.01365054602184,0,Normally Policed
450350108071,211,67,75,3750,17.866666666666667,56.266666666666666,1414300,55.159906396255856,0,Normally Policed
450150206001,166,50,56,2800,17.857142857142858,59.28571428571429,1417100,55.26911076443057,0,Normally Policed
450150210001,286,107,120,6000,17.833333333333332,47.66666666666667,1423100,55.503120124804994,0,Normally Policed
450190027021,575,184,207,10350,17.77777777777778,55.55555555555555,1433450,55.90678627145086,0,Normally Policed
450190019021,173,55,62,3100,17.741935483870968,55.80645161290323,1436550,56.02769110764431,0,Normally Policed
450190054002,444,131,148,7400,17.7027027027027,60.0,1443950,56.31630265210609,0,Normally Policed
450350108182,435,139,158,7900,17.59493670886076,55.063291139240505,1451850,56.62441497659907,0,Normally Policed
450190036003,104,21,24,1200,17.5,86.66666666666667,1453050,56.67121684867394,0,Normally Policed
450190039001,71,21,24,1200,17.5,59.166666666666664,1454250,56.71801872074883,0,Normally Policed
450750102003,34,14,16,800,17.5,42.5,1455050,56.74921996879875,0,Normally Policed
450190048001,19,7,8,400,17.5,47.5,1455450,56.76482059282372,0,Normally Policed
450190047014,69,34,39,1950,17.435897435897434,35.38461538461538,1457400,56.840873634945396,0,Normally Policed
450190020053,212,82,95,4750,17.263157894736842,44.63157894736842,1462150,57.02613104524181,0,Normally Policed
450190031103,610,175,203,10150,17.241379310344826,60.09852216748769,1472300,57.421996879875195,0,Normally Policed
450190054003,239,87,101,5050,17.22772277227723,47.32673267326733,1477350,57.618954758190334,0,Normally Policed
450190020052,72,31,36,1800,17.22222222222222,40.0,1479150,57.689157566302654,0,Normally Policed
450350108192,41,12,14,700,17.142857142857142,58.57142857142857,1479850,57.71645865834634,0,Normally Policed
450190025025,382,94,110,5500,17.09090909090909,69.45454545454545,1485350,57.93096723868955,0,Normally Policed
450350105031,68,29,34,1700,17.058823529411764,40.0,1487050,57.997269890795636,0,Normally Policed
450190047021,62,23,27,1350,17.037037037037038,45.925925925925924,1488400,58.049921996879874,0,Normally Policed
450190031113,413,108,127,6350,17.00787401574803,65.03937007874015,1494750,58.29758190327613,0,Normally Policed
450190049011,28,11,13,650,16.923076923076923,43.07692307692307,1495400,58.32293291731669,0,Normally Policed
450190015002,139,43,51,2550,16.862745098039213,54.50980392156863,1497950,58.42238689547582,0,Normally Policed
450190001003,36,10,12,600,16.666666666666668,60.0,1498550,58.445787831513265,0,Normally Policed
450150209041,72,25,30,1500,16.666666666666668,48.0,1500050,58.50429017160687,0,Normally Policed
450350108011,70,30,36,1800,16.666666666666668,38.88888888888889,1501850,58.57449297971918,0,Normally Policed
450350101001,17,5,6,300,16.666666666666668,56.666666666666664,1502150,58.58619344773791,0,Normally Policed
450299703003,12,5,6,300,16.666666666666668,40.0,1502450,58.59789391575663,0,Normally Policed
450190031142,192,44,53,2650,16.60377358490566,72.45283018867924,1505100,58.70124804992199,0,Normally Policed
450190051002,51,23,28,1400,16.428571428571427,36.42857142857143,1506500,58.755850234009365,0,Normally Policed
450350105053,51,18,22,1100,16.363636363636363,46.36363636363637,1507600,58.798751950078,0,Normally Policed
450190056001,148,49,61,3050,16.065573770491802,48.52459016393443,1510650,58.917706708268334,0,Normally Policed
450299703001,8,4,5,250,16.0,32.0,1510900,58.92745709828393,0,Normally Policed
450190024001,159,48,60,3000,16.0,53.0,1513900,59.04446177847114,0,Normally Policed
450190032001,25,8,10,500,16.0,50.0,1514400,59.06396255850234,0,Normally Policed
450190046131,22,12,15,750,16.0,29.333333333333332,1515150,59.093213728549145,0,Normally Policed
450750102002,10,4,5,250,16.0,40.0,1515400,59.102964118564735,0,Normally Policed
450350108191,111,32,40,2000,16.0,55.5,1517400,59.180967238689554,0,Normally Policed
450190031151,136,49,62,3100,15.806451612903228,43.87096774193548,1520500,59.301872074883,0,Normally Policed
450190047011,37,15,19,950,15.789473684210527,38.94736842105263,1521450,59.33892355694228,0,Normally Policed
450190057004,39,15,19,950,15.789473684210527,41.05263157894737,1522400,59.37597503900156,0,Normally Policed
450150205062,415,114,145,7250,15.72413793103448,57.241379310344826,1529650,59.658736349453974,0,Normally Policed
450150201011,140,47,60,3000,15.666666666666666,46.66666666666667,1532650,59.77574102964118,0,Normally Policed
450350108151,51,18,23,1150,15.65217391304348,44.347826086956516,1533800,59.82059282371295,0,Normally Policed
450190025022,346,97,124,6200,15.64516129032258,55.80645161290323,1540000,60.06240249609984,0,Normally Policed
450190046062,61,25,32,1600,15.625,38.125,1541600,60.124804992199685,0,Normally Policed
450190031114,237,52,67,3350,15.522388059701491,70.74626865671642,1544950,60.25546021840874,0,Normally Policed
450190035001,134,38,49,2450,15.510204081632654,54.69387755102041,1547400,60.35101404056162,0,Normally Policed
450190046121,71,31,40,2000,15.5,35.5,1549400,60.42901716068643,0,Normally Policed
450150208041,412,117,151,7550,15.496688741721854,54.569536423841065,1556950,60.72347893915757,0,Normally Policed
450630206011,25,10,13,650,15.384615384615385,38.46153846153847,1557600,60.748829953198126,0,Normally Policed
450190034004,695,202,264,13200,15.303030303030303,52.65151515151515,1570800,61.26365054602184,0,Normally Policed
450190037002,713,192,251,12550,15.298804780876495,56.81274900398407,1583350,61.753120124804994,0,Normally Policed
450150208113,148,37,49,2450,15.10204081632653,60.40816326530612,1585800,61.848673946957874,0,Normally Policed
450190009001,242,66,88,4400,15.0,55.0,1590200,62.02028081123245,0,Normally Policed
450099602004,11,3,4,200,15.0,55.0,1590400,62.028081123244924,0,Normally Policed
450750106001,8,3,4,200,15.0,40.0,1590600,62.03588143525741,0,Normally Policed
450539502023,11,3,4,200,15.0,55.0,1590800,62.043681747269886,0,Normally Policed
450150207242,10,3,4,200,15.0,50.0,1591000,62.05148205928237,0,Normally Policed
450350108171,61,21,28,1400,15.0,43.57142857142858,1592400,62.10608424336973,0,Normally Policed
450350108202,118,38,51,2550,14.901960784313726,46.27450980392157,1594950,62.20553822152887,0,Normally Policed
450190046082,147,40,54,2700,14.814814814814815,54.44444444444444,1597650,62.310842433697346,0,Normally Policed
450190057003,67,26,36,1800,14.444444444444445,37.22222222222222,1599450,62.38104524180967,0,Normally Policed
450190031071,235,65,90,4500,14.444444444444445,52.22222222222223,1603950,62.556552262090484,0,Normally Policed
450150202021,169,41,57,2850,14.385964912280702,59.29824561403509,1606800,62.667706708268334,0,Normally Policed
450190039003,210,60,84,4200,14.285714285714285,50.0,1611000,62.83151326053043,0,Normally Policed
450190026042,238,73,103,5150,14.174757281553399,46.213592233009706,1616150,63.0323712948518,0,Normally Policed
450190050004,197,47,68,3400,13.823529411764707,57.94117647058823,1619550,63.16497659906396,0,Normally Policed
450190016001,44,11,16,800,13.75,55.0,1620350,63.19617784711389,0,Normally Policed
450190031141,527,149,217,10850,13.732718894009217,48.57142857142857,1631200,63.61934477379096,0,Normally Policed
450190030001,49,17,25,1250,13.6,39.199999999999996,1632450,63.66809672386895,0,Normally Policed
450190011002,162,44,65,3250,13.538461538461538,49.84615384615385,1635700,63.79485179407176,0,Normally Policed
450899709001,5,2,3,150,13.333333333333334,33.333333333333336,1635850,63.800702028081126,0,Normally Policed
450439202013,7,2,3,150,13.333333333333334,46.66666666666667,1636000,63.80655226209049,0,Normally Policed
450439206001,4,2,3,150,13.333333333333334,26.666666666666668,1636150,63.81240249609984,0,Normally Policed
450439206004,5,2,3,150,13.333333333333334,33.333333333333336,1636300,63.8182527301092,0,Normally Policed
450119705001,6,2,3,150,13.333333333333334,40.0,1636450,63.824102964118566,0,Normally Policed
450510505003,4,2,3,150,13.333333333333334,26.666666666666668,1636600,63.82995319812792,0,Normally Policed
450299706004,8,2,3,150,13.333333333333334,53.333333333333336,1636750,63.83580343213728,0,Normally Policed
450630208051,9,2,3,150,13.333333333333334,60.0,1636900,63.84165366614665,0,Normally Policed
450190031073,495,126,194,9700,12.989690721649485,51.03092783505154,1646600,64.21996879875195,0,Normally Policed
450190026125,249,74,114,5700,12.982456140350877,43.68421052631579,1652300,64.44227769110765,0,Normally Policed
450150209031,285,79,122,6100,12.950819672131148,46.72131147540984,1658400,64.6801872074883,0,Normally Policed
450150204042,53,16,25,1250,12.8,42.4,1659650,64.7289391575663,0,Normally Policed
None,31423,10950,17219,860950,12.718508624194206,36.49805447470817,2520600,98.30733229329172,0,Normally Policed
450190020071,40,12,19,950,12.631578947368421,42.10526315789473,2521550,98.34438377535102,0,Normally Policed
450299705003,18,5,8,400,12.5,45.0,2521950,98.35998439937597,0,Normally Policed
450190030003,17,5,8,400,12.5,42.5,2522350,98.37558502340093,0,Normally Policed
450190011001,70,23,38,1900,12.105263157894736,36.84210526315789,2524250,98.4496879875195,0,Normally Policed
450190023001,121,26,43,2150,12.093023255813954,56.27906976744186,2526400,98.53354134165366,0,Normally Policed
450790104081,6,3,5,250,12.0,24.0,2526650,98.54329173166927,0,Normally Policed
450190046072,12,6,10,500,12.0,24.0,2527150,98.56279251170047,0,Normally Policed
450439208001,14,3,5,250,12.0,56.0,2527400,98.57254290171606,0,Normally Policed
450190028022,36,6,10,500,12.0,72.0,2527900,98.59204368174727,0,Normally Policed
450350108172,86,22,37,1850,11.891891891891891,46.486486486486484,2529750,98.66419656786272,0,Normally Policed
450190026123,125,28,48,2400,11.666666666666668,52.083333333333336,2532150,98.75780031201248,0,Normally Policed
450190046085,60,14,24,1200,11.666666666666668,50.0,2533350,98.80460218408736,0,Normally Policed
450190026124,71,18,31,1550,11.612903225806452,45.806451612903224,2534900,98.86505460218409,0,Normally Policed
450750102004,13,4,7,350,11.428571428571429,37.142857142857146,2535250,98.87870514820592,0,Normally Policed
450299706003,17,4,7,350,11.428571428571429,48.57142857142857,2535600,98.89235569422777,0,Normally Policed
450190046073,34,11,20,1000,11.0,34.0,2536600,98.93135725429018,0,Normally Policed
450750102001,58,8,15,750,10.666666666666666,77.33333333333334,2537350,98.96060842433697,0,Normally Policed
450190050003,87,25,47,2350,10.638297872340425,37.02127659574468,2539700,99.05226209048362,0,Normally Policed
450750101003,65,12,23,1150,10.434782608695652,56.52173913043478,2540850,99.09711388455537,0,Normally Policed
450439205011,4,1,2,100,10.0,40.0,2540950,99.10101404056162,0,Normally Policed
450850004001,4,1,2,100,10.0,40.0,2541050,99.10491419656786,0,Normally Policed
450510504021,5,1,2,100,10.0,50.0,2541150,99.1088143525741,0,Normally Policed
450070117002,3,1,2,100,10.0,30.0,2541250,99.11271450858035,0,Normally Policed
450790104131,3,1,2,100,10.0,30.0,2541350,99.11661466458659,0,Normally Policed
450630212042,3,1,2,100,10.0,30.0,2541450,99.12051482059282,0,Normally Policed
450150207251,5,2,4,200,10.0,25.0,2541650,99.12831513260531,0,Normally Policed
450499204001,4,1,2,100,10.0,40.0,2541750,99.13221528861155,0,Normally Policed
450790119012,3,1,2,100,10.0,30.0,2541850,99.13611544461779,0,Normally Policed
450679501001,3,1,2,100,10.0,30.0,2541950,99.14001560062403,0,Normally Policed
450750105001,3,1,2,100,10.0,30.0,2542050,99.14391575663026,0,Normally Policed
450499204004,5,1,2,100,10.0,50.0,2542150,99.1478159126365,0,Normally Policed
450099602001,3,1,2,100,10.0,30.0,2542250,99.15171606864274,0,Normally Policed
450130002003,2,1,2,100,10.0,20.0,2542350,99.155616224649,0,Normally Policed
450130009011,4,1,2,100,10.0,40.0,2542450,99.15951638065522,0,Normally Policed
450439206007,9,2,4,200,10.0,45.0,2542650,99.16731669266771,0,Normally Policed
450410002023,3,1,2,100,10.0,30.0,2542750,99.17121684867395,0,Normally Policed
450830220051,3,1,2,100,10.0,30.0,2542850,99.17511700468019,0,Normally Policed
450750101001,5,2,4,200,10.0,25.0,2543050,99.18291731669267,0,Normally Policed
450790110001,6,1,2,100,10.0,60.0,2543150,99.1868174726989,0,Normally Policed
450350106061,15,4,8,400,10.0,37.5,2543550,99.20241809672386,0,Normally Policed
450410018001,2,1,2,100,10.0,20.0,2543650,99.20631825273011,0,Normally Policed
450130005011,6,1,2,100,10.0,60.0,2543750,99.21021840873635,0,Normally Policed
450070103001,2,1,2,100,10.0,20.0,2543850,99.21411856474259,0,Normally Policed
450559709041,2,1,2,100,10.0,20.0,2543950,99.21801872074883,0,Normally Policed
450299701002,3,1,2,100,10.0,30.0,2544050,99.22191887675507,0,Normally Policed
450899704003,3,1,2,100,10.0,30.0,2544150,99.22581903276131,0,Normally Policed
450190021052,10,4,8,400,10.0,25.0,2544550,99.24141965678626,0,Normally Policed
450899702002,3,1,2,100,10.0,30.0,2544650,99.24531981279252,0,Normally Policed
450630205113,2,1,2,100,10.0,20.0,2544750,99.24921996879876,0,Normally Policed
450790101031,3,1,2,100,10.0,30.0,2544850,99.253120124805,0,Normally Policed
450630206014,5,1,2,100,10.0,50.0,2544950,99.25702028081123,0,Normally Policed
450790103081,2,1,2,100,10.0,20.0,2545050,99.26092043681747,0,Normally Policed
450790114041,3,1,2,100,10.0,30.0,2545150,99.26482059282371,0,Normally Policed
450850018021,4,1,2,100,10.0,40.0,2545250,99.26872074882995,0,Normally Policed
450070112011,5,1,2,100,10.0,50.0,2545350,99.2726209048362,0,Normally Policed
450850018022,3,1,2,100,10.0,30.0,2545450,99.27652106084244,0,Normally Policed
450630209031,3,1,2,100,10.0,30.0,2545550,99.28042121684867,0,Normally Policed
450630210141,2,1,2,100,10.0,20.0,2545650,99.2843213728549,0,Normally Policed
450850017044,3,1,2,100,10.0,30.0,2545750,99.28822152886116,0,Normally Policed
450510513012,3,1,2,100,10.0,30.0,2545850,99.2921216848674,0,Normally Policed
450790028001,4,1,2,100,10.0,40.0,2545950,99.29602184087364,0,Normally Policed
450279604002,2,1,2,100,10.0,20.0,2546050,99.29992199687987,0,Normally Policed
450630209041,2,1,2,100,10.0,20.0,2546150,99.30382215288611,0,Normally Policed
450630203001,10,1,2,100,10.0,100.0,2546250,99.30772230889235,0,Normally Policed
450030216023,3,1,2,100,10.0,30.0,2546350,99.31162246489859,0,Normally Policed
450150209043,58,13,28,1400,9.285714285714286,41.42857142857142,2547750,99.36622464898596,0,Normally Policed
450190048002,9,4,9,450,8.88888888888889,20.0,2548200,99.38377535101404,0,Normally Policed
450190026043,8,2,5,250,8.0,32.0,2548450,99.39352574102965,0,Normally Policed
450190049022,23,4,10,500,8.0,46.0,2548950,99.41302652106084,0,Normally Policed
450190035003,38,6,16,800,7.5,47.5,2549750,99.44422776911075,0,Normally Policed
450750116001,3,1,3,150,6.666666666666667,20.0,2549900,99.45007800312013,0,Normally Policed
450850018023,5,1,3,150,6.666666666666667,33.333333333333336,2550050,99.45592823712948,0,Normally Policed
450299703004,4,1,3,150,6.666666666666667,26.666666666666668,2550200,99.46177847113886,0,Normally Policed
450899708011,9,1,4,200,5.0,45.0,2550400,99.46957878315132,0,Normally Policed
450439201003,10,1,4,200,5.0,50.0,2550600,99.47737909516381,0,Normally Policed
450439202012,6,1,4,200,5.0,30.0,2550800,99.48517940717629,0,Normally Policed
450399603001,1,0,1,50,0.0,20.0,2550850,99.48712948517941,0,Normally Policed
450790112021,2,0,1,50,0.0,40.0,2550900,99.48907956318253,0,Normally Policed
450790113015,1,0,1,50,0.0,20.0,2550950,99.49102964118565,0,Normally Policed
450790114042,3,0,1,50,0.0,60.0,2551000,99.49297971918877,0,Normally Policed
450379705021,1,0,1,50,0.0,20.0,2551050,99.49492979719189,0,Normally Policed
450790113044,1,0,1,50,0.0,20.0,2551100,99.496879875195,0,Normally Policed
450190021042,2,0,2,100,0.0,20.0,2551200,99.50078003120126,0,Normally Policed
450279608013,1,0,1,50,0.0,20.0,2551250,99.50273010920438,0,Normally Policed
450410010002,2,0,1,50,0.0,40.0,2551300,99.50468018720748,0,Normally Policed
450790112012,2,0,2,100,0.0,20.0,2551400,99.50858034321372,0,Normally Policed
450410015032,1,0,1,50,0.0,20.0,2551450,99.51053042121684,0,Normally Policed
450070107002,1,0,1,50,0.0,20.0,2551500,99.51248049921998,0,Normally Policed
450439201002,1,0,1,50,0.0,20.0,2551550,99.5144305772231,0,Normally Policed
450410023003,1,0,1,50,0.0,20.0,2551600,99.51638065522621,0,Normally Policed
450410023002,2,0,1,50,0.0,40.0,2551650,99.51833073322933,0,Normally Policed
450410020003,1,0,1,50,0.0,20.0,2551700,99.52028081123245,0,Normally Policed
450070104012,1,0,1,50,0.0,20.0,2551750,99.52223088923557,0,Normally Policed
450790104091,2,0,1,50,0.0,40.0,2551800,99.52418096723868,0,Normally Policed
450410015061,3,0,1,50,0.0,60.0,2551850,99.52613104524181,0,Normally Policed
450790104113,1,0,1,50,0.0,20.0,2551900,99.52808112324493,0,Normally Policed
450790114122,1,0,1,50,0.0,20.0,2551950,99.53003120124805,0,Normally Policed
450399603002,1,0,1,50,0.0,20.0,2552000,99.53198127925117,0,Normally Policed
450790105012,1,0,1,50,0.0,20.0,2552050,99.53393135725429,0,Normally Policed
450070101023,1,0,1,50,0.0,20.0,2552100,99.53588143525741,0,Normally Policed
450790107012,3,0,1,50,0.0,60.0,2552150,99.53783151326053,0,Normally Policed
450070008002,4,0,2,100,0.0,40.0,2552250,99.54173166926678,0,Normally Policed
450070006003,1,0,1,50,0.0,20.0,2552300,99.54368174726989,0,Normally Policed
450030205002,1,0,1,50,0.0,20.0,2552350,99.545631825273,0,Normally Policed
450790108033,1,0,1,50,0.0,20.0,2552400,99.54758190327613,0,Normally Policed
450410004003,1,0,1,50,0.0,20.0,2552450,99.54953198127924,0,Normally Policed
450399605002,1,0,1,50,0.0,20.0,2552500,99.55148205928236,0,Normally Policed
450790114112,3,0,1,50,0.0,60.0,2552550,99.5534321372855,0,Normally Policed
450830213023,5,0,2,100,0.0,50.0,2552650,99.55733229329174,0,Normally Policed
450790114142,9,0,1,50,0.0,180.0,2552700,99.55928237129486,0,Normally Policed
450830229003,1,0,1,50,0.0,20.0,2552750,99.56123244929798,0,Normally Policed
450310114002,2,0,1,50,0.0,40.0,2552800,99.5631825273011,0,Normally Policed
450030220024,1,0,1,50,0.0,20.0,2552850,99.56513260530421,0,Normally Policed
450850001002,6,0,1,50,0.0,120.0,2552900,99.56708268330733,0,Normally Policed
450310113004,1,0,1,50,0.0,20.0,2552950,99.56903276131045,0,Normally Policed
450850004002,1,0,1,50,0.0,20.0,2553000,99.57098283931357,0,Normally Policed
450850005001,1,0,1,50,0.0,20.0,2553050,99.57293291731669,0,Normally Policed
450850006002,1,0,1,50,0.0,20.0,2553100,99.57488299531981,0,Normally Policed
450279601001,1,0,1,50,0.0,20.0,2553150,99.57683307332293,0,Normally Policed
450030220012,4,0,1,50,0.0,80.0,2553200,99.57878315132605,0,Normally Policed
450310113001,1,0,1,50,0.0,20.0,2553250,99.58073322932918,0,Normally Policed
450030219004,1,0,1,50,0.0,20.0,2553300,99.5826833073323,0,Normally Policed
450030218003,1,0,1,50,0.0,20.0,2553350,99.58463338533541,0,Normally Policed
450030218001,2,0,1,50,0.0,40.0,2553400,99.58658346333853,0,Normally Policed
450310103002,2,0,1,50,0.0,40.0,2553450,99.58853354134165,0,Normally Policed
450850017041,1,0,1,50,0.0,20.0,2553500,99.59048361934477,0,Normally Policed
450030216012,1,0,1,50,0.0,20.0,2553550,99.5924336973479,0,Normally Policed
450279606001,1,0,1,50,0.0,20.0,2553600,99.59438377535102,0,Normally Policed
450030214005,2,0,1,50,0.0,40.0,2553650,99.59633385335414,0,Normally Policed
450899701002,1,0,1,50,0.0,20.0,2553700,99.59828393135726,0,Normally Policed
450899701003,1,0,1,50,0.0,20.0,2553750,99.60023400936038,0,Normally Policed
450899703005,2,0,1,50,0.0,40.0,2553800,99.6021840873635,0,Normally Policed
450899706002,1,0,1,50,0.0,20.0,2553850,99.60413416536662,0,Normally Policed
450279607013,1,0,1,50,0.0,20.0,2553900,99.60608424336974,0,Normally Policed
450279608023,10,0,1,50,0.0,200.0,2553950,99.60803432137286,0,Normally Policed
450030214001,1,0,1,50,0.0,20.0,2554000,99.60998439937597,0,Normally Policed
450830233021,1,0,1,50,0.0,20.0,2554050,99.6119344773791,0,Normally Policed
450059702002,1,0,1,50,0.0,20.0,2554100,99.61388455538221,0,Normally Policed
450030201001,1,0,1,50,0.0,20.0,2554150,99.61583463338533,0,Normally Policed
450310116002,1,0,1,50,0.0,20.0,2554200,99.61778471138845,0,Normally Policed
450790114161,2,0,2,100,0.0,20.0,2554300,99.6216848673947,0,Normally Policed
450910614032,1,0,1,50,0.0,20.0,2554350,99.62363494539782,0,Normally Policed
450790114171,1,0,1,50,0.0,20.0,2554400,99.62558502340093,0,Normally Policed
450790114172,2,0,2,100,0.0,20.0,2554500,99.62948517940717,0,Normally Policed
450790116071,3,0,3,150,0.0,20.0,2554650,99.63533541341654,0,Normally Policed
450059704003,1,0,1,50,0.0,20.0,2554700,99.63728549141966,0,Normally Policed
450790118001,4,0,2,100,0.0,40.0,2554800,99.6411856474259,0,Normally Policed
450790119014,1,0,1,50,0.0,20.0,2554850,99.64313572542902,0,Normally Policed
450790120003,1,0,1,50,0.0,20.0,2554900,99.64508580343214,0,Normally Policed
450830207013,2,0,1,50,0.0,40.0,2554950,99.64703588143526,0,Normally Policed
450830207021,1,0,1,50,0.0,20.0,2555000,99.64898595943838,0,Normally Policed
450830212002,1,0,1,50,0.0,20.0,2555050,99.6509360374415,0,Normally Policed
450030212023,1,0,1,50,0.0,20.0,2555100,99.65288611544462,0,Normally Policed
450910612011,3,0,1,50,0.0,60.0,2555150,99.65483619344774,0,Normally Policed
450059704001,1,0,1,50,0.0,20.0,2555200,99.65678627145085,0,Normally Policed
450830218031,1,0,1,50,0.0,20.0,2555250,99.65873634945397,0,Normally Policed
450259507001,1,0,1,50,0.0,20.0,2555300,99.66068642745711,0,Normally Policed
450910610051,1,0,1,50,0.0,20.0,2555350,99.66263650546023,0,Normally Policed
450830220071,3,0,1,50,0.0,60.0,2555400,99.66458658346335,0,Normally Policed
450910609063,3,0,2,100,0.0,30.0,2555500,99.66848673946957,0,Normally Policed
450059702006,4,0,2,100,0.0,40.0,2555600,99.67238689547582,0,Normally Policed
450059702004,3,0,1,50,0.0,60.0,2555650,99.67433697347894,0,Normally Policed
450350102001,3,0,3,150,0.0,20.0,2555800,99.6801872074883,0,Normally Policed
450339701003,4,0,1,50,0.0,80.0,2555850,99.68213728549142,0,Normally Policed
450830224042,1,0,1,50,0.0,20.0,2555900,99.68408736349454,0,Normally Policed
450830217003,2,0,1,50,0.0,40.0,2555950,99.68603744149766,0,Normally Policed
450559709021,1,0,1,50,0.0,20.0,2556000,99.68798751950078,0,Normally Policed
450070108002,1,0,1,50,0.0,20.0,2556050,99.6899375975039,0,Normally Policed
450630210251,1,0,1,50,0.0,20.0,2556100,99.69188767550702,0,Normally Policed
450630212051,5,0,1,50,0.0,100.0,2556150,99.69383775351014,0,Normally Policed
450510506002,2,0,1,50,0.0,40.0,2556200,99.69578783151326,0,Normally Policed
450630210341,1,0,1,50,0.0,20.0,2556250,99.69773790951638,0,Normally Policed
450510512022,2,0,1,50,0.0,40.0,2556300,99.6996879875195,0,Normally Policed
450630210292,5,0,1,50,0.0,100.0,2556350,99.70163806552263,0,Normally Policed
450630210252,1,0,1,50,0.0,20.0,2556400,99.70358814352575,0,Normally Policed
450130011022,5,0,2,100,0.0,50.0,2556500,99.70748829953197,0,Normally Policed
450510504012,1,0,1,50,0.0,20.0,2556550,99.7094383775351,0,Normally Policed
450510515022,1,0,1,50,0.0,20.0,2556600,99.71138845553821,0,Normally Policed
450630210182,2,0,1,50,0.0,40.0,2556650,99.71333853354135,0,Normally Policed
450510515031,3,0,1,50,0.0,60.0,2556700,99.71528861154447,0,Normally Policed
450510515032,1,0,1,50,0.0,20.0,2556750,99.71723868954759,0,Normally Policed
450130021061,1,0,1,50,0.0,20.0,2556800,99.7191887675507,0,Normally Policed
450630209032,2,0,1,50,0.0,40.0,2556850,99.72113884555382,0,Normally Policed
450630213031,1,0,1,50,0.0,20.0,2556900,99.72308892355694,0,Normally Policed
450510401021,2,0,1,50,0.0,40.0,2556950,99.72503900156006,0,Normally Policed
450790102003,1,0,1,50,0.0,20.0,2557000,99.72698907956318,0,Normally Policed
450130011011,1,0,1,50,0.0,20.0,2557050,99.7289391575663,0,Normally Policed
450130008003,1,0,1,50,0.0,20.0,2557100,99.73088923556942,0,Normally Policed
450719502024,3,0,1,50,0.0,60.0,2557150,99.73283931357254,0,Normally Policed
450719502012,1,0,1,50,0.0,20.0,2557200,99.73478939157566,0,Normally Policed
450499202005,1,0,1,50,0.0,20.0,2557250,99.73673946957878,0,Normally Policed
450719501002,1,0,1,50,0.0,20.0,2557300,99.7386895475819,0,Normally Policed
450699603022,1,0,1,50,0.0,20.0,2557350,99.74063962558503,0,Normally Policed
450679502001,2,0,1,50,0.0,40.0,2557400,99.74258970358815,0,Normally Policed
450630214021,1,0,1,50,0.0,20.0,2557450,99.74453978159127,0,Normally Policed
450679501003,2,0,1,50,0.0,40.0,2557500,99.74648985959438,0,Normally Policed
450510101002,1,0,1,50,0.0,20.0,2557550,99.7484399375975,0,Normally Policed
450659201001,2,0,1,50,0.0,40.0,2557600,99.75039001560062,0,Normally Policed
450510202001,1,0,1,50,0.0,20.0,2557650,99.75234009360375,0,Normally Policed
450510301021,1,0,1,50,0.0,20.0,2557700,99.75429017160687,0,Normally Policed
450630214024,2,0,1,50,0.0,40.0,2557750,99.75624024960999,0,Normally Policed
450510516051,2,0,1,50,0.0,40.0,2557800,99.75819032761311,0,Normally Policed
450510601011,1,0,1,50,0.0,20.0,2557850,99.76014040561623,0,Normally Policed
450630207072,1,0,1,50,0.0,20.0,2557900,99.76209048361935,0,Normally Policed
450599201011,1,0,1,50,0.0,20.0,2557950,99.76404056162247,0,Normally Policed
450510801013,1,0,1,50,0.0,20.0,2558000,99.76599063962558,0,Normally Policed
450130111001,1,0,1,50,0.0,20.0,2558050,99.7679407176287,0,Normally Policed
450510802001,1,0,1,50,0.0,20.0,2558100,99.76989079563182,0,Normally Policed
450539502012,2,0,2,100,0.0,20.0,2558200,99.77379095163806,0,Normally Policed
450599201032,3,0,1,50,0.0,60.0,2558250,99.77574102964118,0,Normally Policed
450599201021,1,0,1,50,0.0,20.0,2558300,99.7776911076443,0,Normally Policed
450539502022,1,0,1,50,0.0,20.0,2558350,99.77964118564742,0,Normally Policed
450510602031,1,0,1,50,0.0,20.0,2558400,99.78159126365055,0,Normally Policed
450539503001,1,0,1,50,0.0,20.0,2558450,99.78354134165367,0,Normally Policed
450559701002,1,0,1,50,0.0,20.0,2558500,99.7854914196568,0,Normally Policed
450559704022,2,0,1,50,0.0,40.0,2558550,99.7874414976599,0,Normally Policed
450559704031,1,0,1,50,0.0,20.0,2558600,99.78939157566302,0,Normally Policed
450559706012,12,0,2,100,0.0,120.0,2558700,99.79329173166927,0,Normally Policed
450559706015,1,0,1,50,0.0,20.0,2558750,99.79524180967239,0,Normally Policed
450510801011,6,0,1,50,0.0,120.0,2558800,99.79719188767551,0,Normally Policed
450510707013,7,0,2,100,0.0,70.0,2558900,99.80109204368175,0,Normally Policed
450130105001,2,0,1,50,0.0,40.0,2558950,99.80304212168487,0,Normally Policed
450130022013,2,0,2,100,0.0,20.0,2559050,99.8069422776911,0,Normally Policed
450510706012,1,0,1,50,0.0,20.0,2559100,99.80889235569423,0,Normally Policed
450130021082,1,0,1,50,0.0,20.0,2559150,99.81084243369735,0,Normally Policed
450510702001,2,0,2,100,0.0,20.0,2559250,99.81474258970358,0,Normally Policed
450510701022,1,0,1,50,0.0,20.0,2559300,99.8166926677067,0,Normally Policed
450510604062,1,0,1,50,0.0,20.0,2559350,99.81864274570982,0,Normally Policed
450630205074,1,0,1,50,0.0,20.0,2559400,99.82059282371296,0,Normally Policed
450510604052,1,0,1,50,0.0,20.0,2559450,99.82254290171608,0,Normally Policed
450510604051,7,0,3,150,0.0,46.66666666666667,2559600,99.82839313572542,0,Normally Policed
450630205104,1,0,1,50,0.0,20.0,2559650,99.83034321372854,0,Normally Policed
450510602081,2,0,1,50,0.0,40.0,2559700,99.83229329173167,0,Normally Policed
450130021075,1,0,1,50,0.0,20.0,2559750,99.83424336973479,0,Normally Policed
450510602042,4,0,1,50,0.0,80.0,2559800,99.83619344773791,0,Normally Policed
450630207062,1,0,1,50,0.0,20.0,2559850,99.83814352574103,0,Normally Policed
450730302004,3,0,1,50,0.0,60.0,2559900,99.84009360374415,0,Normally Policed
450730304012,1,0,1,50,0.0,20.0,2559950,99.84204368174727,0,Normally Policed
450479708006,1,0,1,50,0.0,20.0,2560000,99.84399375975039,0,Normally Policed
450439207002,1,0,1,50,0.0,20.0,2560050,99.84594383775351,0,Normally Policed
450439205042,4,0,2,100,0.0,40.0,2560150,99.84984399375975,0,Normally Policed
450790003002,1,0,1,50,0.0,20.0,2560200,99.85179407176287,0,Normally Policed
450790003001,3,0,1,50,0.0,60.0,2560250,99.85374414976599,0,Normally Policed
450790002002,3,0,1,50,0.0,60.0,2560300,99.8556942277691,0,Normally Policed
450770110022,1,0,1,50,0.0,20.0,2560350,99.85764430577223,0,Normally Policed
450439206005,5,0,3,150,0.0,33.333333333333336,2560500,99.8634945397816,0,Normally Policed
450450005001,3,0,1,50,0.0,60.0,2560550,99.86544461778472,0,Normally Policed
450450021052,1,0,1,50,0.0,20.0,2560600,99.86739469578784,0,Normally Policed
450450011022,1,0,1,50,0.0,20.0,2560650,99.86934477379094,0,Normally Policed
450099603002,1,0,1,50,0.0,20.0,2560700,99.87129485179406,0,Normally Policed
450750118004,1,0,1,50,0.0,20.0,2560750,99.8732449297972,0,Normally Policed
450450014001,4,0,1,50,0.0,80.0,2560800,99.87519500780031,0,Normally Policed
450750118001,3,0,2,100,0.0,30.0,2560900,99.87909516380655,0,Normally Policed
450450018101,1,0,1,50,0.0,20.0,2560950,99.88104524180967,0,Normally Policed
450790005001,2,0,1,50,0.0,40.0,2561000,99.88299531981279,0,Normally Policed
450439205041,2,0,1,50,0.0,40.0,2561050,99.88494539781591,0,Normally Policed
450439205033,5,0,2,100,0.0,50.0,2561150,99.88884555382215,0,Normally Policed
450790010002,1,0,1,50,0.0,20.0,2561200,99.89079563182527,0,Normally Policed
450559709032,2,0,1,50,0.0,40.0,2561250,99.89274570982839,0,Normally Policed
450439205022,4,0,2,100,0.0,40.0,2561350,99.89664586583463,0,Normally Policed
450790026022,2,0,1,50,0.0,40.0,2561400,99.89859594383775,0,Normally Policed
450070115004,2,0,1,50,0.0,40.0,2561450,99.90054602184088,0,Normally Policed
450790026032,1,0,1,50,0.0,20.0,2561500,99.902496099844,0,Normally Policed
450790026041,2,0,1,50,0.0,40.0,2561550,99.90444617784712,0,Normally Policed
450439204001,1,0,1,50,0.0,20.0,2561600,99.90639625585024,0,Normally Policed
450790030002,2,0,1,50,0.0,40.0,2561650,99.90834633385336,0,Normally Policed
450439203012,4,0,1,50,0.0,80.0,2561700,99.91029641185646,0,Normally Policed
450070110011,1,0,1,50,0.0,20.0,2561750,99.9122464898596,0,Normally Policed
450790101032,1,0,1,50,0.0,20.0,2561800,99.91419656786272,0,Normally Policed
450790101033,1,0,1,50,0.0,20.0,2561850,99.91614664586584,0,Normally Policed
450439203011,3,0,3,150,0.0,20.0,2562000,99.9219968798752,0,Normally Policed
450450019003,1,0,1,50,0.0,20.0,2562050,99.92394695787831,0,Normally Policed
450450021071,2,0,1,50,0.0,40.0,2562100,99.92589703588143,0,Normally Policed
450130007005,1,0,1,50,0.0,20.0,2562150,99.92784711388455,0,Normally Policed
450179501003,4,0,2,100,0.0,40.0,2562250,99.93174726989079,0,Normally Policed
450750106002,4,0,1,50,0.0,80.0,2562300,99.93369734789391,0,Normally Policed
450450030051,1,0,1,50,0.0,20.0,2562350,99.93564742589703,0,Normally Policed
450179502003,1,0,1,50,0.0,20.0,2562400,99.93759750390015,0,Normally Policed
450750105002,1,0,1,50,0.0,20.0,2562450,99.93954758190327,0,Normally Policed
450750104003,2,0,1,50,0.0,40.0,2562500,99.9414976599064,0,Normally Policed
450750104002,1,0,1,50,0.0,20.0,2562550,99.94344773790952,0,Normally Policed
450130003003,2,0,1,50,0.0,40.0,2562600,99.94539781591264,0,Normally Policed
450119704004,4,0,1,50,0.0,80.0,2562650,99.94734789391576,0,Normally Policed
450130004001,2,0,1,50,0.0,40.0,2562700,99.94929797191887,0,Normally Policed
450450039042,1,0,1,50,0.0,20.0,2562750,99.95124804992199,0,Normally Policed
450450040022,1,0,1,50,0.0,20.0,2562800,99.95319812792512,0,Normally Policed
450479701022,1,0,1,50,0.0,20.0,2562850,99.95514820592824,0,Normally Policed
450130005021,2,0,1,50,0.0,40.0,2562900,99.95709828393136,0,Normally Policed
450479702024,1,0,1,50,0.0,20.0,2562950,99.95904836193448,0,Normally Policed
450750106003,4,0,2,100,0.0,40.0,2563050,99.96294851794072,0,Normally Policed
450750107003,1,0,1,50,0.0,20.0,2563100,99.96489859594384,0,Normally Policed
450450029051,1,0,1,50,0.0,20.0,2563150,99.96684867394696,0,Normally Policed
450450029032,1,0,1,50,0.0,20.0,2563200,99.96879875195009,0,Normally Policed
450450028151,1,0,1,50,0.0,20.0,2563250,99.9707488299532,0,Normally Policed
450750109002,1,0,1,50,0.0,20.0,2563300,99.97269890795631,0,Normally Policed
450450028122,1,0,1,50,0.0,20.0,2563350,99.97464898595943,0,Normally Policed
450750110002,2,0,1,50,0.0,40.0,2563400,99.97659906396255,0,Normally Policed
450750111001,3,0,1,50,0.0,60.0,2563450,99.97854914196567,0,Normally Policed
450750112001,1,0,1,50,0.0,20.0,2563500,99.9804992199688,0,Normally Policed
450750113001,3,0,2,100,0.0,30.0,2563600,99.98439937597504,0,Normally Policed
450750113002,2,0,1,50,0.0,40.0,2563650,99.98634945397816,0,Normally Policed
450750114001,1,0,1,50,0.0,20.0,2563700,99.98829953198128,0,Normally Policed
450750114003,3,0,2,100,0.0,30.0,2563800,99.99219968798752,0,Normally Policed
450450025033,1,0,1,50,0.0,20.0,2563850,99.99414976599064,0,Normally Policed
450450022013,1,0,1,50,0.0,20.0,2563900,99.99609984399376,0,Normally Policed
450750115004,1,0,1,50,0.0,20.0,2563950,99.99804992199688,0,Normally Policed
450790021002,14,0,1,50,0.0,280.0,2564000,100.0,0,Normally Policed
